Date,N1,N2,N3,N4,N5,N6,BN
2025-09-10,18,42,38,27,1,9,13
2025-09-06,10,45,57,37,22,40,24
2025-09-03,7,22,54,31,15,18,28
2025-08-30,6,10,19,20,43,59,16
2025-08-27,5,25,43,45,47,55,58
2025-08-23,30,54,59,7,38,42,5
2025-08-20,1,9,10,32,44,55,49
2025-08-16,1,11,15,19,45,48,37
2025-08-13,1,16,27,41,50,55,54
2025-08-09,2,27,29,38,44,51,23
2025-08-06,5,9,17,31,47,58,35
2025-08-02,33,1,5,10,30,50,56
2025-07-30,37,3,21,5,18,7,38
2025-07-26,28,42,24,57,23,9,18
2025-07-23,48,3,11,21,16,9,22
2025-07-19,25,46,5,7,29,40,15
2025-07-16,6,47,55,12,9,15,56
2025-07-12,41,11,25,4,51,17,14
2025-07-09,51,12,15,25,58,6,57
2025-07-05,45,37,43,9,18,12,15
2025-07-02,34,51,54,55,11,4,57
2025-06-28,17,40,22,47,38,16,4
2025-06-25,21,54,14,49,16,42,41
2025-06-21,58,31,13,12,10,6,15
2025-06-18,44,8,15,49,31,38,59
2025-06-14,42,36,48,59,8,20,46
2025-06-11,47,53,35,13,42,8,39
2025-06-07,27,11,30,46,39,17,56
2025-06-04,9,45,32,2,19,57,31
2025-05-31,20,33,12,11,16,8,52
2025-05-28,8,31,28,49,55,33,13
2025-05-24,9,13,12,26,38,40,4
2025-05-21,16,36,20,30,5,6,2
2025-05-17,34,24,18,51,47,35,26
2025-05-14,14,34,2,52,48,37,29
2025-05-10,27,13,36,14,33,15,18
2025-05-07,12,24,21,3,45,41,20
2025-05-03,18,23,41,17,38,47,9
2025-04-30,16,40,42,28,23,55,44
2025-04-26,32,36,59,7,8,11,21
2025-04-23,42,1,37,24,28,26,44
2025-04-19,13,11,1,37,2,30,33
2025-04-16,48,57,39,27,36,59,45
2025-04-12,4,55,12,10,22,53,31
2025-04-09,12,46,14,28,31,33,43
2025-04-05,33,59,57,53,10,26,18
2025-04-02,40,43,36,30,5,41,53
2025-03-29,1,7,35,57,17,43,19
2025-03-26,18,22,17,34,53,58,14
2025-03-22,10,54,38,55,11,34,26
2025-03-19,35,6,15,27,43,41,28
2025-03-15,5,31,6,33,20,4,28
2025-03-12,4,52,42,38,56,58,44
2025-03-08,44,29,1,42,19,33,21
2025-03-05,44,43,8,30,19,18,58
2025-03-01,6,14,19,41,11,43,53
2025-02-26,4,1,10,40,26,31,24
2025-02-22,7,33,3,9,29,51,5
2025-02-19,7,40,39,43,5,37,8
2025-02-15,52,17,31,46,57,39,1
2025-02-12,33,56,8,34,59,50,17
2025-02-08,6,47,36,28,52,45,51
2025-02-05,34,27,54,26,51,41,52
2025-02-01,13,25,35,32,30,1,2
2025-01-29,29,39,38,31,14,7,56
2025-01-25,24,38,23,14,54,32,50
2025-01-22,2,20,12,47,57,5,43
2025-01-18,39,29,2,13,24,32,46
2025-01-15,33,55,34,57,38,11,20
2025-01-11,12,28,10,6,29,2,57
2025-01-08,17,46,20,7,24,27,21
2025-01-04,19,35,22,24,27,16,28
2025-01-01,42,35,54,18,38,31,41
2024-12-28,16,34,53,54,28,40,55
2024-12-25,47,35,17,9,51,15,31
2024-12-21,16,4,54,10,3,40,8
2024-12-18,18,28,39,20,58,52,38
2024-12-14,12,19,17,11,1,54,3
2024-12-11,52,49,35,2,36,32,19
2024-12-07,12,9,35,42,26,14,18
2024-12-04,35,39,25,12,19,37,3
2024-11-30,14,38,24,19,22,21,17
2024-11-27,59,38,31,15,42,35,6
2024-11-23,33,8,44,3,13,39,56
2024-11-20,33,7,2,37,56,27,30
2024-11-16,16,12,59,31,38,58,41
2024-11-13,11,41,28,12,29,54,17
2024-11-09,44,36,56,43,50,33,18
2024-11-06,6,19,3,14,35,32,17
2024-11-02,16,50,11,35,12,19,34
2024-10-30,41,57,27,36,54,43,7
2024-10-26,30,47,41,44,16,9,13
2024-10-23,23,27,45,51,9,6,47
2024-10-19,43,54,47,48,22,44,25
2024-10-16,11,29,41,42,48,9,43
2024-10-12,11,2,13,39,17,41,37
2024-10-09,4,55,20,41,56,7,48
2024-10-05,13,12,44,20,8,49,19
2024-10-02,20,59,21,6,4,5,2
2024-09-28,54,39,38,23,18,36,12
2024-09-25,4,57,3,55,1,14,2
2024-09-21,26,48,5,49,57,17,56
2024-09-18,20,57,51,33,7,50,44
2024-09-14,55,49,38,27,21,47,54
2024-09-11,10,23,53,41,57,3,28
2024-09-07,38,37,33,13,32,50,2
2024-09-04,41,3,29,6,15,25,17
2024-08-31,3,2,29,48,52,45,54
2024-08-28,10,25,49,29,53,4,30
2024-08-24,17,43,4,30,39,34,45
2024-08-21,42,9,23,57,37,53,58
2024-08-17,3,52,10,18,6,59,49
2024-08-14,36,15,30,45,7,48,27
2024-08-10,48,2,59,25,42,40,12
2024-08-07,49,56,42,22,10,11,58
2024-08-03,20,28,26,6,19,45,7
2024-07-31,16,33,21,52,58,12,37
2024-07-27,25,33,40,27,3,45,58
2024-07-24,34,31,17,3,29,23,46
2024-07-20,41,19,58,22,55,9,44
2024-07-17,49,44,7,45,32,2,39
2024-07-13,49,37,27,22,38,51,59
2024-07-10,19,48,26,13,9,8,54
2024-07-06,37,47,59,18,24,11,13
2024-07-03,42,46,8,50,1,58,51
2024-06-29,19,7,25,29,31,11,6
2024-06-26,27,36,37,8,34,56,54
2024-06-22,9,58,32,5,44,18,34
2024-06-19,52,7,3,13,15,21,23
2024-06-15,9,1,25,39,29,34,22
2024-06-12,59,40,13,42,41,51,5
2024-06-08,41,23,7,24,10,3,59
2024-06-05,13,9,1,58,21,33,28
2024-06-01,16,11,6,21,43,50,9
2024-05-29,8,1,22,56,25,16,4
2024-05-25,28,58,6,40,53,30,13
2024-05-22,35,31,43,7,6,25,12
2024-05-18,13,48,9,45,46,22,29
2024-05-15,17,11,52,53,47,25,37
2024-05-11,34,12,13,50,51,14,22
2024-05-08,38,4,52,34,13,43,36
2024-05-04,16,2,7,59,31,54,10
2024-05-01,22,13,53,44,16,21,36
2024-04-27,57,2,18,25,15,58,53
2024-04-24,14,59,56,53,8,18,40
2024-04-20,54,29,52,26,5,43,32
2024-04-17,31,11,28,26,35,39,40
2024-04-13,45,48,31,17,26,33,47
2024-04-10,56,9,24,19,39,31,55
2024-04-06,14,10,29,20,12,17,33
2024-04-03,3,41,48,38,46,32,40
2024-03-30,16,15,19,37,49,51,17
2024-03-27,1,27,3,48,42,22,9
2024-03-23,7,50,43,41,45,15,28
2024-03-20,10,25,29,14,8,35,32
2024-03-16,44,11,45,35,18,16,51
2024-03-13,35,34,26,37,24,28,48
2024-03-09,53,17,33,15,14,55,43
2024-03-06,58,32,11,37,48,7,28
2024-03-02,48,2,59,40,20,34,6
2024-02-28,50,44,45,39,12,21,51
2024-02-24,56,4,20,36,3,11,28
2024-02-21,50,27,58,25,32,54,55
2024-02-17,19,42,41,5,39,28,43
2024-02-14,32,45,54,36,11,9,24
2024-02-10,19,53,24,29,4,43,34
2024-02-07,40,1,51,2,17,33,42
2024-02-03,29,25,8,50,19,28,46
2024-01-31,22,54,11,5,10,27,55
2024-01-27,22,18,34,47,58,20,16
2024-01-24,22,49,57,6,27,46,17
2024-01-20,29,49,20,14,7,38,42
2024-01-17,48,30,28,10,44,24,35
2024-01-13,22,46,8,48,44,27,7
2024-01-10,53,5,25,1,15,45,2
2024-01-06,23,2,54,43,53,38,41
2024-01-03,19,1,38,5,59,27,55
2023-12-30,49,26,29,15,37,53,38
2023-12-27,23,2,24,29,33,36,42
2023-12-23,40,56,31,29,17,47,44
2023-12-20,11,46,4,8,53,50,16
2023-12-16,4,30,23,50,12,56,8
2023-12-13,48,34,28,43,31,10,57
2023-12-09,15,33,59,27,44,46,30
2023-12-06,2,55,3,43,6,22,47
2023-12-02,26,33,2,4,11,23,40
2023-11-29,35,49,19,42,38,31,13
2023-11-25,9,5,46,31,34,48,49
2023-11-22,49,14,55,26,56,9,28
2023-11-18,32,47,23,22,11,3,56
2023-11-15,40,55,6,16,7,33,4
2023-11-11,28,26,34,42,12,41,32
2023-11-08,7,46,17,12,53,1,24
2023-11-04,37,39,20,57,52,54,43
2023-11-01,37,36,15,43,42,9,50
2023-10-28,42,50,25,28,37,38,6
2023-10-25,47,16,33,20,41,59,21
2023-10-21,15,37,14,43,54,26,6
2023-10-18,8,48,6,34,20,7,38
2023-10-14,31,4,28,27,51,57,48
2023-10-11,18,25,3,15,23,8,58
2023-10-07,20,47,10,22,16,52,26
2023-10-04,55,42,53,3,8,37,46
2023-09-30,40,14,8,24,1,20,52
2023-09-27,31,11,8,20,44,10,28
2023-09-23,34,58,12,37,41,55,13
2023-09-20,52,9,42,37,18,34,50
2023-09-16,31,17,7,22,24,59,50
2023-09-13,7,23,42,29,31,10,6
2023-09-09,43,39,59,49,15,20,56
2023-09-06,53,12,22,54,38,3,28
2023-09-02,9,46,55,11,49,53,16
2023-08-30,19,59,20,48,25,11,41
2023-08-26,13,42,12,41,50,45,43
2023-08-23,23,16,57,32,13,37,15
2023-08-19,31,28,7,37,17,2,8
2023-08-16,8,51,10,43,32,59,26
2023-08-12,39,17,25,24,21,14,44
2023-08-09,34,16,10,29,48,24,54
2023-08-05,22,5,38,50,28,58,2
2023-08-02,21,23,49,5,10,35,16
2023-07-29,20,56,37,8,21,33,25
2023-07-26,10,19,27,29,12,50,33
2023-07-22,14,11,46,35,41,20,2
2023-07-19,47,41,34,30,39,12,40
2023-07-15,46,10,11,58,37,45,30
2023-07-12,57,50,3,30,52,44,45
2023-07-08,59,23,6,18,15,24,14
2023-07-05,44,47,10,16,38,15,12
2023-07-01,1,35,12,22,20,24,34
2023-06-28,31,32,33,40,56,59,20
2023-06-24,22,17,39,36,53,18,31
2023-06-21,7,15,8,4,3,1,54
2023-06-17,46,13,32,11,28,47,21
2023-06-14,56,47,23,16,21,2,3
2023-06-10,39,29,36,13,56,44,3
2023-06-07,4,56,3,55,35,12,50
2023-06-03,22,4,59,20,15,13,17
2023-05-31,41,33,24,19,28,54,48
2023-05-27,22,5,42,37,49,14,54
2023-05-24,4,14,3,13,36,10,18
2023-05-20,7,36,44,34,24,51,20
2023-05-17,1,51,2,9,4,50,17
2023-05-13,13,58,32,42,2,54,28
2023-05-10,9,57,45,22,15,52,12
2023-05-06,33,36,55,54,3,23,7
2023-05-03,28,12,42,37,33,49,25
2023-04-29,56,12,41,35,44,31,59
2023-04-26,26,29,57,27,19,53,17
2023-04-22,35,22,29,51,8,31,46
2023-04-19,22,7,58,25,47,54,37
2023-04-15,17,58,21,35,3,13,29
2023-04-12,29,39,16,51,12,45,5
2023-04-08,19,4,24,20,12,42,17
2023-04-05,29,4,39,52,30,18,46
2023-04-01,3,43,40,13,7,47,49
2023-03-29,32,42,27,52,10,24,37
2023-03-25,11,43,30,40,13,44,28
2023-03-22,27,42,33,5,37,58,10
2023-03-18,54,46,59,13,22,39,58
2023-03-15,43,2,24,37,12,39,36
2023-03-11,27,41,28,50,1,19,49
2023-03-08,41,49,29,59,57,5,22
2023-03-04,33,16,30,24,44,6,7
2023-03-01,39,48,36,5,49,28,35
2023-02-25,32,31,53,45,22,50,35
2023-02-22,11,34,39,13,23,15,9
2023-02-18,35,49,9,52,58,53,29
2023-02-15,50,10,56,42,34,20,14
2023-02-11,46,5,57,47,37,3,50
2023-02-08,53,42,28,33,26,13,55
2023-02-04,27,2,23,31,5,58,56
2023-02-01,59,16,53,31,28,29,34
2023-01-28,20,5,30,8,23,50,25
2023-01-25,23,4,50,7,19,58,8
2023-01-21,30,57,9,21,7,14,18
2023-01-18,44,37,23,11,36,26,53
2023-01-14,47,54,37,39,9,33,24
2023-01-11,4,56,54,19,46,22,21
2023-01-07,11,6,45,33,57,7,18
2023-01-04,58,9,42,1,4,32,26
2022-12-31,34,57,27,58,56,47,19
2022-12-28,5,31,57,48,27,19,30
2022-12-24,59,8,1,46,14,49,19
2022-12-21,38,19,53,54,34,5,31
2022-12-17,49,38,56,15,39,22,32
2022-12-14,39,41,44,49,50,16,6
2022-12-10,14,34,23,51,19,17,54
2022-12-07,45,37,9,51,33,21,55
2022-12-03,19,38,14,16,13,11,23
2022-11-30,47,50,13,20,17,49,11
2022-11-26,52,50,17,5,3,1,11
2022-11-23,42,43,5,16,58,29,37
2022-11-19,30,17,39,49,5,20,59
2022-11-16,53,30,27,1,39,18,58
2022-11-12,4,37,22,48,44,11,39
2022-11-09,1,31,29,5,44,58,8
2022-11-05,31,2,13,27,38,41,34
2022-11-02,40,41,18,4,44,46,54
2022-10-29,58,37,15,39,7,26,41
2022-10-26,46,20,13,7,21,53,49
2022-10-22,58,33,59,42,56,11,34
2022-10-19,2,59,45,50,18,13,14
2022-10-15,55,25,11,18,36,13,39
2022-10-12,24,47,21,20,39,26,37
2022-10-08,6,32,12,26,46,8,51
2022-10-05,23,51,54,31,48,36,38
2022-10-01,4,9,44,58,1,40,21
2022-09-28,3,15,58,48,20,57,9
2022-09-24,18,50,14,22,39,15,51
2022-09-21,34,28,6,45,13,37,24
2022-09-17,25,22,55,45,28,11,15
2022-09-14,55,38,46,25,45,57,16
2022-09-10,7,29,42,6,31,2,9
2022-09-07,58,27,34,20,42,3,48
2022-09-03,25,43,9,52,42,46,6
2022-08-31,13,49,21,54,16,30,8
2022-08-27,20,7,10,24,30,38,19
2022-08-24,25,35,32,10,39,14,42
2022-08-20,3,59,35,9,6,5,38
2022-08-17,26,37,48,45,20,30,33
2022-08-13,50,49,15,42,22,54,59
2022-08-10,24,52,6,40,47,21,30
2022-08-06,45,41,44,31,15,14,20
2022-08-03,25,53,29,5,28,58,15
2022-07-30,33,7,17,16,19,57,12
2022-07-27,14,37,39,38,1,11,54
2022-07-23,34,10,41,2,54,13,26
2022-07-20,36,33,12,32,14,17,9
2022-07-16,58,32,2,19,12,54,23
2022-07-13,12,59,39,13,42,19,10
2022-07-09,40,12,15,6,48,24,45
2022-07-06,44,25,9,54,36,41,48
2022-07-02,53,48,33,9,43,23,1
2022-06-29,26,3,17,21,46,59,39
2022-06-25,43,13,31,52,23,25,6
2022-06-22,54,21,40,48,36,46,38
2022-06-18,14,39,11,59,42,36,21
2022-06-15,53,3,41,37,38,26,36
2022-06-11,32,21,59,52,34,20,1
2022-06-08,25,53,58,11,23,38,52
2022-06-04,46,59,41,52,19,9,24
2022-06-01,32,4,30,38,1,6,18
2022-05-28,24,57,16,34,44,5,20
2022-05-25,45,31,49,30,37,56,51
2022-05-21,51,48,57,12,37,25,8
2022-05-18,18,20,38,40,51,42,45
2022-05-14,15,21,12,50,39,24,35
2022-05-11,39,51,21,44,37,34,26
2022-05-07,5,3,15,6,41,45,39
2022-05-04,57,10,55,50,29,6,5
2022-04-30,15,19,41,26,51,57,52
2022-04-27,57,38,22,10,56,35,46
2022-04-23,7,10,56,31,48,24,15
2022-04-20,5,53,24,47,8,50,31
2022-04-16,6,4,55,58,2,35,44
2022-04-13,53,40,1,10,7,30,2
2022-04-09,18,59,44,11,10,29,17
2022-04-06,23,3,49,30,17,24,59
2022-04-02,22,57,27,52,30,24,20
2022-03-30,17,44,58,12,11,14,29
2022-03-26,13,27,53,35,46,18,40
2022-03-23,52,15,53,46,3,14,50
2022-03-19,51,20,50,34,33,24,7
2022-03-16,28,33,14,23,20,54,12
2022-03-12,39,23,44,13,7,21,16
2022-03-09,10,3,38,26,47,41,45
2022-03-05,51,33,10,29,42,21,48
2022-03-02,58,55,43,48,49,52,32
2022-02-26,52,8,5,33,47,37,20
2022-02-23,22,26,37,33,27,4,20
2022-02-19,56,44,33,50,34,57,26
2022-02-16,31,27,21,53,59,50,24
2022-02-12,28,16,58,26,9,47,49
2022-02-09,17,57,43,12,53,16,29
2022-02-05,36,24,8,39,46,56,48
2022-02-02,48,59,29,50,22,6,3
2022-01-29,50,12,41,4,47,35,46
2022-01-26,53,26,57,36,5,58,2
2022-01-22,25,59,46,20,35,1,28
2022-01-19,50,57,41,13,56,3,58
2022-01-15,25,39,13,31,14,37,4
2022-01-12,59,56,21,39,8,37,32
2022-01-08,36,46,33,21,43,28,27
2022-01-05,21,57,28,3,56,5,14
2022-01-01,41,43,29,56,14,31,42
2021-12-29,57,28,52,3,42,17,58
2021-12-25,42,26,15,30,59,24,18
2021-12-22,20,52,13,45,14,6,54
2021-12-18,51,45,27,12,23,54,59
2021-12-15,28,17,15,45,30,2,54
2021-12-11,15,31,33,13,6,14,38
2021-12-08,12,52,31,30,34,58,56
2021-12-04,24,46,33,32,8,25,47
2021-12-01,4,37,42,7,50,8,36
2021-11-27,15,48,16,1,24,17,9
2021-11-24,42,11,39,19,17,4,59
2021-11-20,32,59,17,16,51,5,53
2021-11-17,13,55,35,34,24,49,53
2021-11-13,43,14,28,52,13,16,56
2021-11-10,18,37,11,20,49,10,5
2021-11-06,21,7,29,39,34,3,19
2021-11-03,47,48,6,39,31,58,8
2021-10-30,18,51,56,59,7,47,17
2021-10-27,22,8,47,39,20,48,16
2021-10-23,27,21,28,4,13,37,19
2021-10-20,43,37,29,23,27,47,11
2021-10-16,24,21,58,18,37,4,22
2021-10-13,4,12,56,38,8,15,30
2021-10-09,52,30,9,48,51,6,55
2021-10-06,51,16,1,9,30,27,34
2021-10-02,32,35,36,51,37,40,43
2021-09-29,17,52,45,15,27,40,28
2021-09-25,31,13,56,36,15,32,53
2021-09-22,21,40,44,13,52,33,9
2021-09-18,53,32,44,45,52,19,12
2021-09-15,25,20,24,37,34,27,50
2021-09-11,13,52,2,54,42,38,39
2021-09-08,13,56,3,14,4,38,52
2021-09-04,21,14,39,41,36,1,34
2021-09-01,19,28,3,41,33,43,57
2021-08-28,24,50,18,34,49,57,41
2021-08-25,15,30,39,52,59,7,38
2021-08-21,27,35,18,28,17,57,51
2021-08-18,10,4,48,50,27,30,54
2021-08-14,19,1,39,15,2,43,58
2021-08-11,46,36,39,32,37,13,40
2021-08-07,10,15,41,51,22,57,58
2021-08-04,16,27,3,46,34,36,6
2021-07-31,43,11,13,19,12,58,48
2021-07-28,34,44,23,26,59,36,43
2021-07-24,7,6,37,34,28,17,59
2021-07-21,20,5,37,17,51,45,29
2021-07-17,35,48,56,33,3,25,1
2021-07-14,12,35,41,36,29,27,51
2021-07-10,33,47,9,54,22,19,1
2021-07-07,40,3,52,2,7,20,14
2021-07-03,1,31,47,29,12,27,23
2021-06-30,41,34,38,12,40,27,32
2021-06-26,24,37,53,41,39,14,19
2021-06-23,14,53,50,15,33,4,16
2021-06-19,38,12,18,21,54,44,14
2021-06-16,48,22,36,28,6,53,13
2021-06-12,11,36,27,16,52,9,50
2021-06-09,24,15,43,49,9,34,32
2021-06-05,3,6,57,39,46,33,17
2021-06-02,15,17,53,59,33,1,41
2021-05-29,10,55,46,36,1,16,44
2021-05-26,33,51,49,36,28,45,48
2021-05-22,9,20,41,46,43,48,7
2021-05-19,57,50,58,36,53,18,22
2021-05-15,57,32,27,19,39,6,50
2021-05-12,17,40,51,23,52,10,20
2021-05-08,46,31,12,23,10,37,15
2021-05-05,56,27,40,55,8,34,43
2021-05-01,7,40,31,34,32,10,14
2021-04-28,59,4,48,1,57,27,5
2021-04-24,29,16,38,32,30,24,1
2021-04-21,39,4,34,32,6,14,46
2021-04-17,18,7,23,57,8,21,4
2021-04-14,48,57,12,20,6,52,34
2021-04-10,50,20,26,48,49,25,30
2021-04-07,51,40,57,12,38,58,29
2021-04-03,40,32,45,8,2,28,5
2021-03-31,6,58,4,49,56,13,12
2021-03-27,18,22,26,49,5,3,29
2021-03-24,23,50,40,2,3,27,30
2021-03-20,12,36,24,34,51,15,21
2021-03-17,28,26,36,58,16,7,9
2021-03-13,8,29,6,17,11,44,20
2021-03-10,26,42,21,5,1,9,17
2021-03-06,47,29,16,17,52,56,15
2021-03-03,2,54,40,23,3,8,52
2021-02-27,4,49,45,33,39,36,20
2021-02-24,1,34,17,9,18,16,13
2021-02-20,36,3,18,56,24,16,10
2021-02-17,39,6,8,26,5,20,1
2021-02-13,42,50,37,44,16,15,48
2021-02-10,29,1,33,15,49,42,54
2021-02-06,27,32,46,28,39,52,6
2021-02-03,17,9,21,4,46,26,12
2021-01-30,36,51,4,28,31,55,42
2021-01-27,34,45,35,30,50,22,51
2021-01-23,1,52,49,6,45,25,56
2021-01-20,13,5,7,57,25,3,37
2021-01-16,48,38,45,3,53,15,27
2021-01-13,1,42,8,18,16,12,4
2021-01-09,9,38,21,30,23,35,53
2021-01-06,54,36,2,8,51,52,10
2021-01-02,36,9,39,6,8,57,37
2020-12-30,17,21,11,49,37,24,45
2020-12-26,43,44,55,52,26,46,6
2020-12-23,48,51,42,20,54,52,21
2020-12-19,4,28,21,10,27,14,23
2020-12-16,43,38,28,36,2,30,33
2020-12-12,13,49,38,39,53,56,59
2020-12-09,7,28,14,8,10,33,26
2020-12-05,52,59,51,47,13,38,18
2020-12-02,38,22,39,26,16,47,48
2020-11-28,35,9,46,45,57,27,32
2020-11-25,30,18,11,55,44,33,48
2020-11-21,37,23,54,32,57,49,47
2020-11-18,54,28,27,41,26,18,45
2020-11-14,25,37,56,50,39,44,13
2020-11-11,49,50,36,46,6,59,38
2020-11-07,3,56,52,33,50,45,44
2020-11-04,10,32,50,28,35,20,24
2020-10-31,16,59,1,6,34,49,35
2020-10-28,18,38,59,27,47,11,14
2020-10-24,53,18,47,13,19,57,44
2020-10-21,28,12,27,29,9,44,8
2020-10-17,38,41,26,51,32,49,46
2020-10-14,28,31,46,12,50,9,10
2020-10-10,21,45,36,11,56,49,2
2020-10-07,37,52,58,12,18,56,53
2020-10-03,4,24,1,27,13,47,2
2020-09-30,46,25,10,41,34,55,36
2020-09-26,55,54,1,38,19,35,45
2020-09-23,35,28,8,47,51,17,52
2020-09-19,52,9,13,39,49,53,56
2020-09-16,47,20,16,33,29,49,45
2020-09-12,52,37,23,42,5,36,14
2020-09-09,56,48,50,13,33,11,55
2020-09-05,47,38,3,28,11,36,32
2020-09-02,11,58,54,45,55,15,12
2020-08-29,5,57,10,21,47,51,16
2020-08-26,24,39,31,4,27,8,45
2020-08-22,37,51,24,28,23,19,12
2020-08-19,45,22,32,36,21,50,5
2020-08-15,16,10,22,14,25,34,21
2020-08-12,6,37,27,8,31,51,20
2020-08-08,58,49,40,56,53,2,41
2020-08-05,28,42,51,58,1,43,36
2020-08-01,53,13,24,10,56,4,22
2020-07-29,1,39,24,49,52,46,51
2020-07-25,14,18,10,13,34,33,15
2020-07-22,7,45,23,37,2,11,19
2020-07-18,20,1,32,42,33,24,30
2020-07-15,37,44,9,29,53,27,49
2020-07-11,9,17,14,32,58,10,22
2020-07-08,59,31,5,22,18,50,30
2020-07-04,48,52,34,57,32,33,13
2020-07-01,55,24,29,8,27,1,4
2020-06-27,15,2,37,43,33,19,12
2020-06-24,57,1,8,50,33,52,41
2020-06-20,48,30,26,40,7,21,13
2020-06-17,54,48,33,9,39,2,43
2020-06-13,51,19,35,21,12,10,42
2020-06-10,51,55,57,50,20,26,40
2020-06-06,12,40,17,35,6,3,33
2020-06-03,2,5,11,14,33,1,48
2020-05-30,6,8,32,2,33,35,45
2020-05-27,7,23,4,34,19,38,46
2020-05-23,59,42,45,37,38,15,54
2020-05-20,26,24,37,40,57,7,44
2020-05-16,44,48,20,52,21,4,34
2020-05-13,31,14,47,38,16,19,20
2020-05-09,18,7,21,42,50,26,59
2020-05-06,49,51,29,32,48,23,13
2020-05-02,39,18,14,44,23,52,47
2020-04-29,40,36,16,17,32,47,4
2020-04-25,21,9,25,3,28,59,36
2020-04-22,50,8,3,47,18,59,12
2020-04-18,6,43,46,3,31,53,26
2020-04-15,38,57,54,43,25,37,17
2020-04-11,44,20,55,31,28,30,50
2020-04-08,41,4,1,20,19,45,7
2020-04-04,22,39,45,49,28,4,25
2020-04-01,17,16,4,52,27,22,30
2020-03-28,8,49,14,46,27,33,11
2020-03-25,11,25,39,24,57,53,9
2020-03-21,34,58,26,56,12,29,41
2020-03-18,27,11,19,3,7,52,5
2020-03-14,38,7,47,30,42,22,14
2020-03-11,45,46,52,39,10,54,12
2020-03-07,35,5,29,44,36,40,42
2020-03-04,56,4,7,19,50,14,8
2020-02-29,25,34,58,32,55,52,9
2020-02-26,27,19,57,20,52,49,4
2020-02-22,27,21,36,47,23,25,17
2020-02-19,7,27,18,48,28,21,10
2020-02-15,33,11,10,45,54,41,18
2020-02-12,54,51,3,2,5,27,6
2020-02-08,59,35,8,42,43,54,21
2020-02-05,31,20,42,43,48,39,1
2020-02-01,44,58,47,7,42,59,52
2020-01-29,40,23,59,7,47,42,58
2020-01-25,30,54,33,39,55,18,21
2020-01-22,30,23,19,25,36,29,14
2020-01-18,41,14,42,35,55,29,11
2020-01-15,50,15,54,55,52,25,28
2020-01-11,51,46,57,27,28,55,14
2020-01-08,23,59,50,42,2,47,32
2020-01-04,34,13,3,51,50,14,11
2020-01-01,20,50,13,38,30,55,5
2019-12-28,55,41,2,12,1,23,9
2019-12-25,11,54,10,58,45,5,40
2019-12-21,12,45,36,42,33,27,26
2019-12-18,56,44,50,36,15,13,45
2019-12-14,21,2,44,32,23,49,56
2019-12-11,35,47,14,16,33,7,25
2019-12-07,57,6,34,20,35,27,39
2019-12-04,25,31,13,28,9,21,1
2019-11-30,36,8,24,16,40,57,51
2019-11-27,7,39,48,55,22,16,50
2019-11-23,38,25,47,28,58,23,31
2019-11-20,49,47,17,52,8,31,12
2019-11-16,2,51,59,25,10,56,17
2019-11-13,55,9,2,7,1,44,39
2019-11-09,51,46,16,58,11,2,31
2019-11-06,17,27,22,25,32,35,5
2019-11-02,56,28,13,16,34,41,40
2019-10-30,56,2,41,51,19,8,23
2019-10-26,56,26,23,59,16,38,32
2019-10-23,29,5,58,53,30,39,19
2019-10-19,31,33,52,15,17,8,13
2019-10-16,29,18,47,5,4,40,57
2019-10-12,30,27,40,36,42,23,58
2019-10-09,44,14,22,55,58,40,12
2019-10-05,32,8,4,12,34,13,58
2019-10-02,37,47,20,42,13,15,49
2019-09-28,19,2,42,29,23,21,26
2019-09-25,4,3,16,39,43,52,47
2019-09-21,34,33,18,41,23,32,54
2019-09-18,1,39,57,28,34,25,50
2019-09-14,26,14,10,19,6,43,28
2019-09-11,35,38,9,4,26,53,30
2019-09-07,27,13,37,3,32,30,8
2019-09-04,45,40,49,11,13,32,39
2019-08-31,10,16,41,58,5,26,15
2019-08-28,57,41,1,49,40,52,43
2019-08-24,46,39,55,45,36,27,38
2019-08-21,51,53,26,14,58,11,30
2019-08-17,10,41,58,6,46,9,45
2019-08-14,24,28,16,53,30,14,23
2019-08-10,8,5,17,23,9,29,49
2019-08-07,11,7,58,44,36,52,31
2019-08-03,44,8,45,30,34,57,31
2019-07-31,18,20,43,9,42,46,30
2019-07-27,19,45,48,30,14,58,3
2019-07-24,37,28,17,2,4,45,22
2019-07-20,36,14,28,37,23,18,32
2019-07-17,45,5,8,41,40,43,23
2019-07-13,32,35,18,58,29,25,12
2019-07-10,10,54,4,17,11,53,6
2019-07-06,44,24,56,57,30,50,9
2019-07-03,29,38,52,27,20,10,57
2019-06-29,44,32,11,43,47,52,27
2019-06-26,5,24,32,7,9,44,38
2019-06-22,6,44,32,9,17,57,11
2019-06-19,31,22,39,47,26,55,35
2019-06-15,42,7,54,52,40,47,29
2019-06-12,36,16,6,37,53,34,50
2019-06-08,12,55,42,13,37,22,43
2019-06-05,33,32,56,20,23,11,25
2019-06-01,26,36,47,8,40,39,42
2019-05-29,46,27,32,53,3,15,57
2019-05-25,35,26,54,5,9,43,24
2019-05-22,37,7,31,27,36,50,18
2019-05-18,26,54,23,7,31,22,3
2019-05-15,18,11,50,39,44,8,23
2019-05-11,45,13,55,49,19,14,24
2019-05-08,19,56,35,16,31,45,59
2019-05-04,55,17,39,40,16,35,41
2019-05-01,10,29,12,35,57,23,9
2019-04-27,1,26,7,34,52,53,10
2019-04-24,51,22,41,35,43,29,42
2019-04-20,54,17,34,11,7,8,4
2019-04-17,8,51,23,43,28,42,52
2019-04-13,4,10,38,24,37,15,30
2019-04-10,42,22,36,49,20,48,30
2019-04-06,36,43,22,33,8,5,21
2019-04-03,9,26,5,35,52,17,44
2019-03-30,35,45,27,3,55,54,24
2019-03-27,25,39,35,18,50,13,21
2019-03-23,59,50,26,52,6,30,27
2019-03-20,58,35,53,56,2,19,12
2019-03-16,59,37,6,42,32,26,38
2019-03-13,29,48,46,40,1,11,17
2019-03-09,46,22,35,27,40,52,2
2019-03-06,2,12,46,53,43,15,17
2019-03-02,4,8,16,19,45,33,54
2019-02-27,51,54,19,31,20,22,16
2019-02-23,42,48,40,38,9,6,57
2019-02-20,33,3,17,11,41,51,48
2019-02-16,51,15,18,43,11,46,12
2019-02-13,42,45,26,31,4,8,55
2019-02-09,36,27,31,47,25,38,12
2019-02-06,44,53,3,16,24,41,15
2019-02-02,59,1,55,53,6,41,20
2019-01-30,58,47,7,43,22,31,2
2019-01-26,42,47,29,56,40,51,45
2019-01-23,58,41,5,45,30,27,38
2019-01-19,11,52,22,17,31,15,45
2019-01-16,54,44,48,12,55,1,8
2019-01-12,13,49,55,43,32,29,26
2019-01-09,57,36,51,17,3,42,18
2019-01-05,28,32,18,25,47,27,6
2019-01-02,8,40,53,35,10,9,21
2018-12-29,40,57,45,26,31,38,28
2018-12-26,7,14,58,45,54,35,1
2018-12-22,32,24,15,4,17,56,31
2018-12-19,12,33,56,34,24,39,38
2018-12-15,43,34,5,35,26,49,19
2018-12-12,51,46,59,31,3,22,53
2018-12-08,36,6,48,38,23,43,17
2018-12-05,1,13,45,56,6,23,41
2018-12-01,49,5,8,9,12,31,57
2018-11-28,39,52,45,46,48,36,38
2018-11-24,32,43,30,42,27,15,10
2018-11-21,46,53,24,35,31,42,9
2018-11-17,12,4,5,9,42,17,32
2018-11-14,4,11,20,48,53,45,16
2018-11-10,7,38,17,12,44,42,53
2018-11-07,46,4,59,9,5,40,58
2018-11-03,45,16,52,47,41,31,53
2018-10-31,28,24,20,45,5,14,21
2018-10-27,26,39,31,6,1,25,56
2018-10-24,9,40,22,32,59,51,17
2018-10-20,46,12,59,40,18,42,49
2018-10-17,5,20,51,1,6,54,56
2018-10-13,58,52,40,19,26,56,38
2018-10-10,54,10,56,50,49,53,4
2018-10-06,37,32,39,30,23,26,5
2018-10-03,45,25,3,11,5,27,18
2018-09-29,17,58,44,54,36,40,27
2018-09-26,3,8,37,39,59,47,42
2018-09-22,16,20,18,55,5,25,36
2018-09-19,40,20,34,7,26,25,59
2018-09-15,25,55,48,58,42,50,44
2018-09-12,13,56,54,12,14,11,36
2018-09-08,34,53,7,52,19,33,48
2018-09-05,48,23,59,22,18,12,47
2018-09-01,38,3,55,22,21,46,50
2018-08-29,23,54,19,51,30,50,55
2018-08-25,33,56,9,39,41,22,48
2018-08-22,47,25,34,21,15,20,36
2018-08-18,55,6,12,1,13,2,11
2018-08-15,28,58,3,48,34,41,54
2018-08-11,37,19,18,1,10,3,57
2018-08-08,19,20,31,34,8,27,7
2018-08-04,5,17,23,34,51,25,52
2018-08-01,46,54,34,17,18,15,4
2018-07-28,45,11,29,38,31,32,10
2018-07-25,5,30,23,20,43,19,6
2018-07-21,25,46,13,16,9,40,52
2018-07-18,53,34,49,22,51,44,33
2018-07-14,26,4,41,55,13,8,58
2018-07-11,33,25,17,46,11,8,13
2018-07-07,48,18,17,54,29,52,1
2018-07-04,52,8,13,46,22,58,7
2018-06-30,28,46,45,49,32,6,50
2018-06-27,45,41,57,58,54,4,26
2018-06-23,25,31,15,1,10,47,53
2018-06-20,43,22,15,35,26,41,1
2018-06-16,41,10,37,36,46,18,8
2018-06-13,38,45,33,22,5,15,11
2018-06-09,17,58,55,20,3,56,57
2018-06-06,22,35,58,42,12,31,55
2018-06-02,58,4,43,32,51,38,10
2018-05-30,32,8,4,5,26,39,16
2018-05-26,40,14,19,29,9,39,3
2018-05-23,45,1,17,32,36,15,5
2018-05-19,48,52,1,34,36,3,22
2018-05-16,22,48,54,32,4,26,57
2018-05-12,35,1,30,21,15,44,5
2018-05-09,18,25,59,30,56,21,5
2018-05-05,2,9,52,56,14,49,41
2018-05-02,48,4,26,10,8,38,41
2018-04-28,38,43,11,44,3,37,20
2018-04-25,41,18,50,14,40,5,12
2018-04-21,57,12,9,8,20,2,38
2018-04-18,59,39,41,4,21,11,58
2018-04-14,10,42,46,48,40,47,38
2018-04-11,52,56,21,59,32,25,28
2018-04-07,31,1,33,55,52,4,13
2018-04-04,26,43,38,1,15,9,14
2018-03-31,8,26,20,35,36,6,39
2018-03-28,7,52,54,6,15,2,45
2018-03-24,59,43,36,11,3,16,49
2018-03-21,54,55,2,44,35,51,45
2018-03-17,13,8,7,45,24,46,39
2018-03-14,47,19,45,38,7,53,15
2018-03-10,53,36,59,3,7,42,50
2018-03-07,57,55,10,8,22,37,29
2018-03-03,15,50,19,29,42,20,36
2018-02-28,33,9,30,27,10,45,29
2018-02-24,35,48,2,40,11,55,7
2018-02-21,53,35,25,29,30,14,38
2018-02-17,5,8,53,38,9,10,56
2018-02-14,33,48,2,46,8,50,5
2018-02-10,51,3,12,58,29,15,13
2018-02-07,19,29,40,5,45,34,57
2018-02-03,29,26,49,8,58,27,38
2018-01-31,19,21,5,44,42,57,18
2018-01-27,33,43,49,29,56,45,16
2018-01-24,59,48,44,22,39,1,5
2018-01-20,31,28,2,29,10,19,47
2018-01-17,56,30,55,33,43,37,46
2018-01-13,18,46,7,6,9,35,5
2018-01-10,11,55,29,27,40,6,45
2018-01-06,18,31,32,28,44,51,50
2018-01-03,30,20,11,19,49,35,44
2017-12-30,42,58,55,37,47,33,34
2017-12-27,57,18,58,59,48,36,50
2017-12-23,56,44,36,47,32,20,41
2017-12-20,28,46,41,20,38,10,16
2017-12-16,25,35,45,57,22,46,14
2017-12-13,6,23,58,14,43,24,40
2017-12-09,46,54,39,32,37,2,19
2017-12-06,50,24,52,19,31,3,16
2017-12-02,9,50,13,32,4,46,52
2017-11-29,58,43,20,32,53,42,8
2017-11-25,4,45,56,54,7,29,8
2017-11-22,27,17,36,37,16,2,42
2017-11-18,36,58,54,1,24,20,11
2017-11-15,22,11,36,2,59,51,7
2017-11-11,16,27,41,49,30,4,54
2017-11-08,25,42,32,49,17,2,4
2017-11-04,35,20,29,53,23,6,57
2017-11-01,19,18,14,13,36,21,53
2017-10-28,15,55,58,42,8,33,53
2017-10-25,3,11,58,1,49,37,21
2017-10-21,41,37,44,59,31,3,32
2017-10-18,15,22,27,12,11,44,7
2017-10-14,6,40,43,58,47,22,42
2017-10-11,55,49,54,38,17,56,13
2017-10-07,47,20,37,15,30,51,21
2017-10-04,20,38,32,48,12,54,5
2017-09-30,50,30,13,54,21,18,20
2017-09-27,30,45,47,55,35,52,40
2017-09-23,17,18,56,26,39,54,57
2017-09-20,25,8,20,58,50,51,45
2017-09-16,31,37,6,49,1,50,38
2017-09-13,21,56,4,11,14,29,27
2017-09-09,4,49,56,58,13,7,6
2017-09-06,52,50,16,30,34,53,46
2017-09-02,30,41,35,33,40,59,8
2017-08-30,59,34,46,58,42,57,38
2017-08-26,20,41,34,42,52,25,58
2017-08-23,44,16,8,56,41,21,45
2017-08-19,55,52,25,46,12,39,3
2017-08-16,28,7,45,17,44,43,54
2017-08-12,56,52,27,55,10,49,17
2017-08-09,9,51,34,59,5,25,44
2017-08-05,14,49,30,56,24,45,27
2017-08-02,4,24,6,35,45,52,8
2017-07-29,26,59,56,55,1,41,36
2017-07-26,55,5,29,56,10,35,30
2017-07-22,13,47,21,41,35,5,23
2017-07-19,14,16,2,25,6,36,42
2017-07-15,56,8,7,47,14,58,23
2017-07-12,19,38,40,7,14,45,18
2017-07-08,27,1,32,50,11,18,25
2017-07-05,25,57,16,29,27,18,4
2017-07-01,19,36,52,54,2,59,6
2017-06-28,10,23,56,2,21,54,44
2017-06-24,26,39,42,54,16,4,24
2017-06-21,5,43,3,1,15,11,48
2017-06-17,24,44,1,16,11,20,42
2017-06-14,2,14,23,46,34,4,45
2017-06-10,36,18,35,28,50,10,2
2017-06-07,6,37,12,41,36,8,50
2017-06-03,21,47,12,19,51,38,48
2017-05-31,18,23,52,59,28,56,36
2017-05-27,39,31,41,54,20,22,33
2017-05-24,45,59,30,44,3,55,37
2017-05-20,29,43,7,53,8,13,16
2017-05-17,3,38,19,20,30,24,41
2017-05-13,57,7,21,23,14,15,52
2017-05-10,35,58,17,7,12,37,25
2017-05-06,48,5,39,34,36,38,30
2017-05-03,41,24,13,57,34,22,40
2017-04-29,48,36,24,29,46,30,7
2017-04-26,47,43,15,12,59,30,41
2017-04-22,52,37,42,6,4,34,24
2017-04-19,4,47,27,54,55,59,45
2017-04-15,31,19,8,16,10,23,48
2017-04-12,34,52,42,3,16,49,50
2017-04-08,50,36,47,23,14,45,21
2017-04-05,10,18,16,32,45,42,30
2017-04-01,54,11,1,23,2,25,14
2017-03-29,32,16,5,51,42,6,39
2017-03-25,54,53,58,48,39,52,28
2017-03-22,12,6,11,31,27,19,42
2017-03-18,26,37,8,3,19,41,43
2017-03-15,27,58,6,39,24,38,55
2017-03-11,55,15,57,23,6,29,46
2017-03-08,43,42,19,22,11,49,48
2017-03-04,56,39,49,38,24,40,21
2017-03-01,47,2,53,21,7,22,42
2017-02-25,34,41,38,24,18,49,26
2017-02-22,1,38,54,31,28,16,5
2017-02-18,59,11,21,49,13,37,4
2017-02-15,47,23,56,38,28,17,31
2017-02-11,15,18,52,42,43,23,28
2017-02-08,44,41,49,54,23,7,37
2017-02-04,6,30,27,50,9,40,22
2017-02-01,15,6,45,8,58,31,39
2017-01-28,34,23,43,45,21,5,20
2017-01-25,53,4,23,9,37,20,39
2017-01-21,52,37,58,4,40,13,51
2017-01-18,28,20,27,53,14,8,45
2017-01-14,21,54,36,53,14,19,33
2017-01-11,29,35,26,46,21,59,10
2017-01-07,8,33,45,16,51,36,38
2017-01-04,49,42,10,48,37,29,32
2016-12-31,54,41,17,51,10,35,25
2016-12-28,52,5,47,48,54,40,33
2016-12-24,58,16,19,29,54,46,12
2016-12-21,22,52,13,35,10,42,27
2016-12-17,11,32,2,54,18,40,8
2016-12-14,40,58,7,8,3,9,36
2016-12-10,11,26,32,33,31,46,20
2016-12-07,27,44,58,31,16,32,42
2016-12-03,3,21,9,8,54,19,31
2016-11-30,55,25,39,45,20,10,22
2016-11-26,2,49,40,28,1,48,17
2016-11-23,25,4,38,39,2,8,29
2016-11-19,37,7,8,28,5,16,40
2016-11-16,7,33,12,50,51,47,40
2016-11-12,55,31,3,11,16,44,8
2016-11-09,30,52,34,13,12,39,38
2016-11-05,26,49,12,45,8,16,27
2016-11-02,38,31,5,24,19,14,29
2016-10-29,29,24,8,58,7,16,42
2016-10-26,27,52,29,11,53,5,13
2016-10-22,9,50,45,26,27,19,23
2016-10-19,4,54,3,59,2,32,12
2016-10-15,42,14,16,46,51,25,53
2016-10-12,22,30,36,58,29,2,53
2016-10-08,20,11,40,42,32,17,27
2016-10-05,25,44,11,37,43,16,39
2016-10-01,4,58,5,18,28,43,55
2016-09-28,29,51,19,53,37,41,55
2016-09-24,34,11,43,24,47,44,42
2016-09-21,28,21,56,49,20,33,43
2016-09-17,25,54,52,10,14,29,37
2016-09-14,42,58,16,35,23,44,28
2016-09-10,6,47,17,51,37,46,2
2016-09-07,30,12,10,44,3,29,11
2016-09-03,6,28,2,38,17,55,37
2016-08-31,16,49,47,15,26,45,50
2016-08-27,23,22,5,34,54,10,8
2016-08-24,15,10,38,4,59,37,1
2016-08-20,26,18,35,8,52,41,17
2016-08-17,27,37,15,4,59,36,55
2016-08-13,39,31,43,46,12,20,38
2016-08-10,35,40,59,11,17,36,39
2016-08-06,39,34,54,53,47,42,8
2016-08-03,55,41,16,17,22,38,5
2016-07-30,41,14,51,28,57,26,48
2016-07-27,26,40,46,24,9,38,30
2016-07-23,20,54,19,37,59,30,25
2016-07-20,18,30,37,59,29,46,23
2016-07-16,32,50,36,14,17,10,41
2016-07-13,22,30,58,34,1,57,51
2016-07-09,1,29,3,42,36,22,12
2016-07-06,38,20,3,39,1,24,4
2016-07-02,24,43,16,19,9,3,13
2016-06-29,46,56,21,19,10,45,2
2016-06-25,13,56,22,14,18,24,16
2016-06-22,39,36,25,57,11,40,37
2016-06-18,17,26,10,35,38,31,47
2016-06-15,19,38,20,2,14,29,27
2016-06-11,4,55,30,38,17,47,3
2016-06-08,49,28,58,33,43,55,21
2016-06-04,7,58,55,34,32,48,30
2016-06-01,39,27,41,49,36,23,6
2016-05-28,57,10,52,36,8,40,59
2016-05-25,6,55,45,44,33,20,16
2016-05-21,6,28,52,19,30,7,46
2016-05-18,28,34,1,3,37,46,59
2016-05-14,9,24,51,12,23,32,16
2016-05-11,49,23,33,54,22,13,53
2016-05-07,4,34,14,27,36,17,28
2016-05-04,20,3,4,21,1,2,22
2016-04-30,1,5,2,56,38,53,31
2016-04-27,24,34,57,12,29,39,28
2016-04-23,44,14,26,2,59,35,24
2016-04-20,9,12,31,7,1,10,28
2016-04-16,42,14,2,5,55,51,54
2016-04-13,17,15,13,19,35,57,21
2016-04-09,20,51,47,34,25,22,18
2016-04-06,50,57,31,17,41,15,5
2016-04-02,14,7,55,20,47,33,15
2016-03-30,24,5,40,13,31,41,7
2016-03-26,5,57,51,53,12,43,28
2016-03-23,14,21,42,35,7,41,43
2016-03-19,54,27,34,21,40,31,22
2016-03-16,44,31,42,13,14,58,1
2016-03-12,13,56,30,21,39,51,1
2016-03-09,40,49,26,37,35,31,36
2016-03-05,37,29,19,41,40,11,47
2016-03-02,39,58,21,26,4,15,20
2016-02-27,53,14,11,22,56,37,55
2016-02-24,26,27,18,19,4,14,25
2016-02-20,57,17,35,2,59,41,42
2016-02-17,5,15,59,51,33,47,7
2016-02-13,48,23,16,39,15,59,36
2016-02-10,13,25,2,39,32,37,48
2016-02-06,12,10,56,18,34,52,50
2016-02-03,34,23,37,25,36,54,49
2016-01-30,1,44,31,6,21,41,42
2016-01-27,58,42,41,8,38,50,24
2016-01-23,9,54,41,8,11,10,24
2016-01-20,38,57,37,36,18,54,14
2016-01-16,8,25,52,1,12,43,38
2016-01-13,4,59,46,12,57,38,8
2016-01-09,58,47,27,46,52,26,48
2016-01-06,57,30,50,40,8,54,13
2016-01-02,25,56,12,48,40,29,52
2015-12-30,31,47,52,55,59,22,23
2015-12-26,58,44,17,31,21,38,20
2015-12-23,28,4,41,2,1,19,32
2015-12-19,14,13,27,48,50,46,42
2015-12-16,10,12,57,46,48,35,14
2015-12-12,25,53,57,40,22,15,23
2015-12-09,8,53,34,14,28,3,32
2015-12-05,11,10,51,50,56,15,23
2015-12-02,11,14,9,37,28,42,12
2015-11-28,12,7,24,52,34,20,18
2015-11-25,29,43,38,41,18,57,8
2015-11-21,47,2,8,11,32,10,18
2015-11-18,9,49,30,46,55,23,37
2015-11-14,57,55,39,54,2,23,11
2015-11-11,52,27,51,28,2,17,14
2015-11-07,49,50,34,43,3,2,38
2015-11-04,47,13,11,29,25,18,59
2015-10-31,41,55,26,39,42,59,16
2015-10-28,46,52,41,26,36,49,9
2015-10-24,59,58,55,29,31,43,11
2015-10-21,25,53,21,51,14,13,39
2015-10-17,30,50,37,40,46,8,36
2015-10-14,13,7,39,20,27,52,35
2015-10-10,32,2,53,16,54,3,8
2015-10-07,30,7,44,11,49,5,25
2015-10-03,14,44,8,9,35,7,4
2015-09-30,40,45,8,5,11,17,6
2015-09-26,41,31,42,17,33,9,26
2015-09-23,23,36,21,17,9,35,37
2015-09-19,32,31,44,14,26,28,22
2015-09-16,37,12,21,43,14,22,36
2015-09-12,31,28,40,20,46,14,44
2015-09-09,31,21,20,18,6,29,3
2015-09-05,24,49,43,40,29,33,22
2015-09-02,40,27,9,2,29,33,46
2015-08-29,12,23,33,42,18,43,10
2015-08-26,48,18,3,49,7,4,32
2015-08-22,7,44,19,22,28,40,31
2015-08-19,25,5,7,6,27,33,34
2015-08-15,8,10,49,4,21,41,28
2015-08-12,20,25,17,24,6,15,37
2015-08-08,22,6,44,30,39,28,33
2015-08-05,8,12,5,41,28,39,18
2015-08-01,16,42,1,46,27,47,24
2015-07-29,45,31,42,47,18,21,19
2015-07-25,20,5,48,15,2,4,37
2015-07-22,7,38,23,26,33,45,29
2015-07-18,8,15,33,17,47,41,35
2015-07-15,4,14,22,29,7,21,41
2015-07-11,6,12,38,47,36,32,1
2015-07-08,3,35,10,38,41,40,27
2015-07-04,14,39,13,46,35,49,3
2015-07-01,18,4,10,29,13,33,49
2015-06-27,38,21,2,4,30,8,22
2015-06-24,35,33,42,28,23,14,4
2015-06-20,25,32,35,1,6,23,27
2015-06-17,12,15,21,8,42,2,22
2015-06-13,39,37,18,23,25,47,17
2015-06-10,39,29,23,42,30,49,5
2015-06-06,19,10,33,28,14,24,6
2015-06-03,40,49,17,43,32,39,2
2015-05-30,23,38,27,7,49,6,24
2015-05-27,48,27,12,28,39,41,3
2015-05-23,34,40,8,30,1,22,25
2015-05-20,38,6,22,41,39,9,37
2015-05-16,48,46,15,32,7,11,17
2015-05-13,33,34,21,1,5,47,31
2015-05-09,17,48,31,40,5,22,18
2015-05-06,14,15,11,41,1,19,40
2015-05-02,30,7,31,42,10,11,36
2015-04-29,45,4,3,42,25,27,7
2015-04-25,49,28,30,27,4,11,47
2015-04-22,42,28,35,15,43,21,23
2015-04-18,23,45,36,43,1,27,10
2015-04-15,18,31,39,25,22,1,42
2015-04-11,33,17,24,22,46,28,19
2015-04-08,18,31,46,30,28,41,1
2015-04-04,18,38,31,47,20,1,43
2015-04-01,22,18,15,11,41,49,37
2015-03-28,6,44,4,3,23,21,48
2015-03-25,38,3,43,17,20,24,12
2015-03-21,7,49,1,37,21,5,30
2015-03-18,9,48,7,4,17,20,11
2015-03-14,17,24,29,6,33,36,45
2015-03-11,21,7,9,24,47,22,25
2015-03-07,48,2,17,21,26,30,31
2015-03-04,3,27,8,43,42,19,46
2015-02-28,19,4,47,10,9,7,43
2015-02-25,14,12,41,15,40,20,42
2015-02-21,19,24,48,1,27,38,36
2015-02-18,49,25,21,34,23,42,30
2015-02-14,29,46,7,23,20,40,22
2015-02-11,41,9,8,35,21,10,22
2015-02-07,17,35,3,6,18,15,22
2015-02-04,10,46,13,22,40,17,32
2015-01-31,33,7,39,44,10,16,15
2015-01-28,3,34,17,4,24,30,36
2015-01-24,44,8,19,4,49,35,17
2015-01-21,6,34,45,1,32,37,26
2015-01-17,49,47,46,42,37,29,4
2015-01-14,36,17,29,28,33,20,23
2015-01-10,43,13,14,41,24,16,39
2015-01-07,20,23,10,5,12,4,24
2015-01-03,10,18,19,15,17,31,24
2014-12-31,49,37,38,22,12,18,35
2014-12-27,46,28,11,23,30,32,49
2014-12-24,13,47,44,9,48,7,22
2014-12-20,18,23,32,42,40,22,28
2014-12-17,19,33,46,2,35,24,12
2014-12-13,18,33,30,48,34,38,36
2014-12-10,14,15,47,36,31,42,1
2014-12-06,19,45,23,49,40,43,8
2014-12-03,17,35,4,37,19,25,7
2014-11-29,11,42,18,19,6,38,17
2014-11-26,49,41,30,29,28,26,31
2014-11-22,15,5,29,22,3,2,26
2014-11-19,2,39,36,35,15,38,4
2014-11-15,42,30,26,28,5,44,40
2014-11-12,9,5,44,41,13,10,39
2014-11-08,7,22,27,42,6,35,1
2014-11-05,21,25,34,5,36,2,28
2014-11-01,35,3,9,47,28,5,14
2014-10-29,31,14,13,17,25,49,18
2014-10-25,43,15,11,17,49,30,3
2014-10-22,42,5,28,24,36,47,8
2014-10-18,30,47,40,22,1,33,42
2014-10-15,19,43,24,6,26,42,23
2014-10-11,26,2,32,23,8,5,18
2014-10-08,28,34,27,4,43,29,20
2014-10-04,24,34,4,18,36,48,10
2014-10-01,5,4,47,1,18,7,6
2014-09-27,46,20,3,19,1,7,15
2014-09-24,33,48,29,38,8,4,15
2014-09-20,22,6,26,2,33,48,43
2014-09-17,34,9,41,19,46,22,6
2014-09-13,30,29,12,15,35,22,44
2014-09-10,24,31,13,16,18,43,2
2014-09-06,11,37,32,48,29,40,14
2014-09-03,35,22,27,23,12,34,25
2014-08-30,1,20,35,46,19,30,40
2014-08-27,17,29,5,49,37,36,2
2014-08-23,11,42,38,7,1,41,45
2014-08-20,12,24,35,47,15,6,22
2014-08-16,3,36,1,25,33,42,14
2014-08-13,11,5,23,9,30,20,45
2014-08-09,45,47,40,43,36,16,10
2014-08-06,17,35,21,29,33,46,28
2014-08-02,13,28,37,23,45,42,25
2014-07-30,22,11,42,2,24,5,1
2014-07-26,8,37,26,35,14,22,11
2014-07-23,43,30,47,20,14,18,35
2014-07-19,5,25,38,34,14,9,40
2014-07-16,11,47,22,27,49,4,33
2014-07-12,23,43,3,28,19,37,34
2014-07-09,43,12,3,8,39,11,18
2014-07-05,15,34,8,23,28,24,9
2014-07-02,43,18,48,1,38,20,42
2014-06-28,30,43,49,12,28,8,42
2014-06-25,34,5,19,25,15,36,40
2014-06-21,17,3,13,27,40,7,19
2014-06-18,26,10,11,18,23,37,6
2014-06-14,23,18,22,29,33,9,15
2014-06-11,13,40,14,11,28,42,48
2014-06-07,16,44,23,5,10,31,37
2014-06-04,31,30,19,48,14,47,16
2014-05-31,9,40,24,39,7,18,4
2014-05-28,40,45,26,18,36,32,21
2014-05-24,44,10,31,40,41,35,46
2014-05-21,48,2,28,29,9,5,36
2014-05-17,46,19,20,33,10,43,25
2014-05-14,15,41,36,35,29,26,19
2014-05-10,10,5,8,17,16,3,46
2014-05-07,17,44,38,16,49,22,14
2014-05-03,30,27,1,9,48,7,28
2014-04-30,45,9,37,25,44,34,6
2014-04-26,17,23,22,36,33,42,12
2014-04-23,16,18,39,34,29,35,40
2014-04-19,44,20,31,13,34,36,11
2014-04-16,10,6,1,23,40,25,32
2014-04-12,4,26,47,22,31,17,32
2014-04-09,8,20,17,41,43,32,9
2014-04-05,31,7,45,43,20,3,41
2014-04-02,39,14,20,38,45,16,23
2014-03-29,47,21,49,16,14,8,29
2014-03-26,37,40,35,20,33,29,5
2014-03-22,28,44,17,20,39,43,40
2014-03-19,4,27,25,21,31,49,26
2014-03-15,22,25,19,14,48,38,8
2014-03-12,46,20,12,35,16,11,34
2014-03-08,26,2,9,44,12,31,5
2014-03-05,46,8,25,5,4,1,30
2014-03-01,4,13,29,9,40,10,45
2014-02-26,10,11,3,24,35,25,43
2014-02-22,35,49,23,19,39,34,33
2014-02-19,46,37,48,19,17,35,2
2014-02-15,33,15,19,22,40,17,27
2014-02-12,24,30,3,39,20,7,48
2014-02-08,8,44,39,36,25,27,4
2014-02-05,28,46,12,33,13,49,29
2014-02-01,41,34,48,35,27,36,29
2014-01-29,46,38,29,37,42,9,35
2014-01-25,49,15,4,30,21,41,11
2014-01-22,35,18,2,24,6,9,19
2014-01-18,27,23,31,7,30,12,33
2014-01-15,32,46,13,11,24,4,19
2014-01-11,22,23,28,27,46,25,24
2014-01-08,36,19,45,46,23,31,27
2014-01-04,44,11,18,41,4,28,8
2014-01-01,12,22,48,9,16,26,14
2013-12-28,34,45,24,30,16,25,49
2013-12-25,8,21,9,24,4,10,31
2013-12-21,40,33,28,18,12,25,17
2013-12-18,7,42,25,35,2,40,13
2013-12-14,24,41,13,21,35,29,8
2013-12-11,14,1,10,18,37,8,27
2013-12-07,10,28,12,17,30,42,25
2013-12-04,12,29,18,16,6,21,26
2013-11-30,36,19,37,16,9,31,15
2013-11-27,19,48,15,22,42,25,14
2013-11-23,38,16,22,35,48,12,15
2013-11-20,15,5,35,23,39,11,44
2013-11-16,3,30,19,47,41,21,38
2013-11-13,15,23,4,36,6,44,11
2013-11-09,47,6,32,1,2,29,13
2013-11-06,6,14,5,33,29,18,7
2013-11-02,36,32,28,37,10,49,27
2013-10-30,26,34,29,23,20,41,32
2013-10-26,22,45,20,14,10,49,9
2013-10-23,37,10,47,27,18,41,33
2013-10-19,21,19,12,29,31,3,15
2013-10-16,24,35,15,26,31,12,36
2013-10-12,33,45,21,5,26,12,35
2013-10-09,27,34,4,45,11,36,9
2013-10-05,20,15,19,5,17,47,38
2013-10-02,30,16,37,21,17,27,15
2013-09-28,14,12,48,46,10,25,31
2013-09-25,20,41,30,24,5,7,37
2013-09-21,36,15,11,45,38,37,9
2013-09-18,29,2,5,22,17,4,14
2013-09-14,39,20,24,48,30,18,46
2013-09-11,31,7,40,41,27,24,33
2013-09-07,12,11,42,1,13,35,5
2013-09-04,8,24,6,7,28,13,18
2013-08-31,14,17,21,31,4,15,48
2013-08-28,19,47,1,17,5,37,11
2013-08-24,48,42,20,40,26,5,1
2013-08-21,29,49,4,47,3,27,23
2013-08-17,25,15,34,26,33,41,43
2013-08-14,18,45,38,39,12,49,19
2013-08-10,35,15,17,46,26,14,18
2013-08-07,16,28,20,3,26,43,15
2013-08-03,5,3,9,13,17,37,15
2013-07-31,38,33,16,44,10,40,32
2013-07-27,12,39,18,43,13,49,37
2013-07-24,47,42,22,40,26,30,4
2013-07-20,39,42,17,19,3,1,31
2013-07-17,33,43,38,24,42,6,11
2013-07-13,24,12,36,49,45,15,32
2013-07-10,9,22,16,10,20,3,35
2013-07-06,45,27,24,39,49,16,44
2013-07-03,15,40,41,31,27,49,1
2013-06-29,45,34,7,13,31,25,4
2013-06-26,8,34,40,41,11,29,35
2013-06-22,8,43,24,36,26,28,34
2013-06-19,9,47,13,6,36,35,31
2013-06-15,33,16,4,20,3,44,27
2013-06-12,7,10,2,15,28,17,24
2013-06-08,8,43,9,17,41,13,14
2013-06-05,43,35,10,38,41,18,21
2013-06-01,24,34,11,47,13,32,9
2013-05-29,33,3,35,5,34,25,14
2013-05-25,33,30,40,5,26,6,43
2013-05-22,23,39,35,10,45,46,1
2013-05-18,49,3,5,48,31,24,15
2013-05-15,6,20,30,5,35,4,34
2013-05-11,12,9,24,25,26,43,3
2013-05-08,31,15,40,33,20,12,38
2013-05-04,12,44,22,40,11,27,37
2013-05-01,8,42,12,11,7,39,2
2013-04-27,25,41,44,13,39,1,26
2013-04-24,16,18,17,38,11,9,47
2013-04-20,46,8,34,38,44,42,14
2013-04-17,12,20,16,14,33,18,35
2013-04-13,3,27,23,13,49,41,6
2013-04-10,3,36,27,33,16,42,12
2013-04-06,41,11,48,47,22,21,36
2013-04-03,42,32,5,11,48,21,28
2013-03-30,45,8,40,15,43,24,33
2013-03-27,22,8,37,44,24,10,2
2013-03-23,44,3,16,19,37,14,31
2013-03-20,14,46,43,27,4,11,42
2013-03-16,12,1,49,27,11,48,19
2013-03-13,21,6,41,23,8,46,5
2013-03-09,12,46,36,19,25,44,18
2013-03-06,9,47,38,14,42,3,19
2013-03-02,48,31,9,23,35,6,11
2013-02-27,2,24,14,23,20,30,22
2013-02-23,31,25,32,2,30,16,36
2013-02-20,36,45,3,6,44,48,47
2013-02-16,7,27,48,46,39,20,49
2013-02-13,6,49,23,29,14,20,48
2013-02-09,10,8,34,40,27,41,48
2013-02-06,9,18,10,16,27,42,43
2013-02-02,2,13,14,21,12,30,39
2013-01-30,10,9,43,48,47,24,5
2013-01-26,2,6,21,29,47,34,11
2013-01-23,10,6,32,24,41,14,29
2013-01-19,35,5,9,13,39,16,11
2013-01-16,13,38,47,12,35,5,45
2013-01-12,3,11,27,24,12,7,13
2013-01-09,48,39,24,21,5,25,32
2013-01-05,15,37,10,21,17,47,2
2013-01-02,37,20,30,21,7,9,42
2012-12-29,40,31,6,37,8,48,36
2012-12-26,3,11,49,39,47,17,34
2012-12-22,34,28,4,44,43,14,13
2012-12-19,26,41,49,33,48,4,19
2012-12-15,29,19,22,28,6,23,18
2012-12-12,44,9,33,15,38,18,16
2012-12-08,29,33,35,45,36,48,27
2012-12-05,3,31,48,14,4,49,45
2012-12-01,38,27,49,31,5,32,1
2012-11-28,37,48,14,38,45,28,18
2012-11-24,4,2,39,34,44,27,37
2012-11-21,22,12,40,36,4,19,44
2012-11-17,17,21,19,25,20,26,14
2012-11-14,14,30,15,33,17,29,37
2012-11-10,10,24,23,30,25,37,45
2012-11-07,45,35,19,40,36,14,48
2012-11-03,7,9,5,20,17,45,10
2012-10-31,41,32,36,30,7,40,45
2012-10-27,30,20,14,46,33,7,27
2012-10-24,1,36,10,19,47,48,11
2012-10-20,40,24,39,37,9,10,36
2012-10-17,21,39,4,7,49,19,26
2012-10-13,26,32,36,14,48,30,15
2012-10-10,29,30,23,19,46,15,2
2012-10-06,42,27,16,1,11,18,4
2012-10-03,9,45,3,29,46,11,19
2012-09-29,6,25,1,8,42,7,39
2012-09-26,40,8,6,39,43,11,22
2012-09-22,13,29,31,45,10,36,44
2012-09-19,48,23,5,14,33,19,40
2012-09-15,18,35,45,44,14,19,33
2012-09-12,16,14,41,24,22,21,32
2012-09-08,8,28,15,26,32,21,29
2012-09-05,39,27,41,26,22,17,43
2012-09-01,49,41,39,36,15,30,2
2012-08-29,32,7,28,12,4,37,14
2012-08-25,44,48,23,18,31,12,40
2012-08-22,30,23,11,3,28,48,29
2012-08-18,38,27,46,21,42,44,41
2012-08-15,46,10,14,35,37,36,43
2012-08-11,18,1,5,44,14,34,23
2012-08-08,36,6,14,19,22,30,23
2012-08-04,23,8,15,45,21,10,43
2012-08-01,33,13,20,27,39,24,6
2012-07-28,44,22,43,29,10,7,26
2012-07-25,48,15,41,22,8,14,43
2012-07-21,42,41,20,5,14,40,8
2012-07-18,38,26,11,34,46,40,7
2012-07-14,13,27,46,29,43,42,28
2012-07-11,19,28,29,49,12,38,30
2012-07-07,30,23,22,45,5,33,6
2012-07-04,3,38,34,14,9,19,36
2012-06-30,1,18,19,30,38,24,41
2012-06-27,39,22,46,47,10,29,9
2012-06-23,28,30,3,39,25,45,5
2012-06-20,30,10,12,36,49,6,4
2012-06-16,19,49,3,37,40,21,35
2012-06-13,47,29,12,34,25,45,16
2012-06-09,5,26,37,14,24,44,30
2012-06-06,27,9,41,20,37,17,3
2012-06-02,20,25,18,29,34,16,15
2012-05-30,45,7,33,25,14,48,11
2012-05-26,2,15,44,7,25,6,45
2012-05-23,3,49,24,44,4,18,17
2012-05-19,1,42,46,40,19,39,22
2012-05-16,6,48,49,5,21,41,37
2012-05-12,5,1,18,23,21,33,20
2012-05-09,22,2,7,8,10,23,46
2012-05-05,26,40,27,17,13,4,36
2012-05-02,41,18,35,39,22,25,31
2012-04-28,46,3,1,9,23,37,6
2012-04-25,40,18,21,44,13,8,42
2012-04-21,25,41,10,34,47,23,30
2012-04-18,8,24,22,7,16,28,48
2012-04-14,5,15,26,1,42,22,40
2012-04-11,27,20,44,46,41,33,12
2012-04-07,23,12,42,16,25,31,18
2012-04-04,44,23,9,40,33,26,31
2012-03-31,2,49,40,47,18,5,19
2012-03-28,16,8,39,22,3,38,26
2012-03-24,24,27,6,39,31,45,32
2012-03-21,10,14,45,25,39,21,40
2012-03-17,37,40,1,3,20,16,15
2012-03-14,15,36,26,31,14,18,48
2012-03-10,12,37,23,43,3,1,33
2012-03-07,28,44,8,35,11,2,17
2012-03-03,31,20,40,28,7,23,42
2012-02-29,41,29,46,14,49,13,43
2012-02-25,29,27,26,7,32,25,33
2012-02-22,35,12,7,49,43,15,8
2012-02-18,19,22,30,33,41,2,24
2012-02-15,30,40,28,33,9,44,16
2012-02-11,24,31,23,1,49,45,6
2012-02-08,7,13,31,44,36,16,26
2012-02-04,41,45,7,40,48,4,46
2012-02-01,7,39,38,17,22,21,3
2012-01-28,10,25,31,40,28,12,1
2012-01-25,2,30,8,26,45,39,46
2012-01-21,17,5,32,39,49,42,19
2012-01-18,22,43,34,9,31,35,20
2012-01-14,7,12,10,15,25,42,33
2012-01-11,40,33,39,9,2,27,45
2012-01-07,47,8,15,17,14,20,38
2012-01-04,42,43,30,9,28,26,2
2011-12-31,11,38,42,37,44,7,2
2011-12-28,48,11,49,13,17,8,19
2011-12-24,43,32,36,15,23,1,19
2011-12-21,30,7,28,34,38,45,6
2011-12-17,42,1,35,48,39,22,12
2011-12-14,3,43,30,28,10,25,31
2011-12-10,30,21,29,39,24,16,20
2011-12-07,10,31,27,47,32,14,41
2011-12-03,49,1,35,48,47,30,8
2011-11-30,30,26,25,24,23,13,4
2011-11-26,13,36,26,16,25,46,15
2011-11-23,19,31,48,22,4,11,6
2011-11-19,32,31,1,34,29,36,45
2011-11-16,26,40,39,27,10,12,20
2011-11-12,28,13,12,33,6,38,10
2011-11-09,27,2,8,32,23,10,44
2011-11-05,14,24,39,23,16,27,43
2011-11-02,12,38,11,33,37,49,3
2011-10-29,49,14,5,28,9,46,45
2011-10-26,4,23,34,41,38,39,27
2011-10-22,20,43,27,44,28,34,1
2011-10-19,13,18,34,49,32,14,20
2011-10-15,41,7,12,46,34,27,14
2011-10-12,37,26,40,25,13,24,30
2011-10-08,16,6,22,34,30,26,45
2011-10-05,17,9,39,29,30,15,11
2011-10-01,37,15,41,26,17,4,29
2011-09-28,44,45,36,19,15,25,43
2011-09-24,37,10,29,34,47,16,31
2011-09-21,37,15,32,11,39,33,28
2011-09-17,41,6,3,44,2,45,10
2011-09-14,37,42,23,28,38,29,49
2011-09-10,7,5,47,10,9,22,37
2011-09-07,4,48,31,29,38,36,35
2011-09-03,20,17,29,26,36,4,31
2011-08-31,26,49,47,46,5,43,28
2011-08-27,6,41,29,7,46,32,49
2011-08-24,11,27,49,46,47,48,42
2011-08-20,34,3,30,35,2,18,24
2011-08-17,48,32,47,19,3,40,37
2011-08-13,5,30,33,45,31,35,3
2011-08-10,2,27,43,7,4,44,45
2011-08-06,1,24,18,28,14,26,19
2011-08-03,40,18,47,39,19,26,4
2011-07-30,32,29,40,4,10,34,48
2011-07-27,22,34,16,42,4,39,35
2011-07-23,2,45,1,30,11,33,39
2011-07-20,49,10,42,32,15,6,4
2011-07-16,4,15,18,40,13,9,30
2011-07-13,19,49,11,18,15,7,25
2011-07-09,33,21,49,24,1,2,39
2011-07-06,32,48,41,35,34,26,1
2011-07-02,39,48,35,18,10,34,6
2011-06-29,6,47,13,5,31,21,30
2011-06-25,9,39,32,30,5,15,31
2011-06-22,23,45,36,48,22,16,19
2011-06-18,3,39,38,10,35,8,31
2011-06-15,9,25,38,29,37,32,28
2011-06-11,45,11,35,37,9,40,26
2011-06-08,48,43,19,3,36,40,21
2011-06-04,32,25,43,44,7,21,27
2011-06-01,18,2,7,45,9,38,42
2011-05-28,2,17,43,3,23,40,31
2011-05-25,48,17,46,7,30,8,34
2011-05-21,35,17,24,30,23,4,5
2011-05-18,20,36,42,6,38,15,4
2011-05-14,8,46,18,48,28,27,44
2011-05-11,33,38,30,48,34,17,9
2011-05-07,29,17,24,48,35,18,3
2011-05-04,7,21,17,3,32,2,1
2011-04-30,36,44,6,29,1,12,21
2011-04-27,32,37,6,27,15,44,3
2011-04-23,44,18,6,5,36,49,10
2011-04-20,5,8,44,18,9,3,42
2011-04-16,44,41,4,49,34,40,46
2011-04-13,14,43,25,33,34,1,15
2011-04-09,8,6,47,39,17,21,22
2011-04-06,38,11,41,7,14,13,45
2011-04-02,44,49,32,12,48,14,25
2011-03-30,17,16,39,10,21,41,47
2011-03-26,2,16,44,21,31,9,38
2011-03-23,23,32,44,18,26,6,34
2011-03-19,28,26,10,39,34,35,17
2011-03-16,16,15,47,18,48,2,21
2011-03-12,38,17,19,7,30,29,40
2011-03-09,9,41,37,11,49,40,33
2011-03-05,41,23,43,29,4,13,49
2011-03-02,1,46,49,25,27,41,4
2011-02-26,29,20,6,8,34,36,43
2011-02-23,31,1,39,21,15,8,32
2011-02-19,26,16,34,32,6,46,33
2011-02-16,29,26,32,5,15,11,49
2011-02-12,28,16,30,27,36,24,35
2011-02-09,39,2,6,8,9,36,29
2011-02-05,40,34,33,41,47,37,5
2011-02-02,42,48,46,20,17,2,44
2011-01-29,47,5,30,36,25,20,15
2011-01-26,43,14,49,47,20,17,31
2011-01-22,14,18,24,41,4,44,25
2011-01-19,41,18,42,34,9,43,33
2011-01-15,24,7,21,33,8,34,2
2011-01-12,17,12,47,11,24,19,37
2011-01-08,32,13,41,35,47,14,46
2011-01-05,35,46,10,43,4,36,6
2011-01-01,4,34,9,33,36,45,26
2010-12-29,3,39,16,26,34,2,49
2010-12-25,22,15,13,34,33,25,17
2010-12-22,33,37,13,7,49,48,20
2010-12-18,49,21,35,9,46,38,40
2010-12-15,45,6,9,40,33,31,41
2010-12-11,43,33,11,49,15,24,27
2010-12-08,23,24,14,16,25,43,48
2010-12-04,4,19,15,44,49,45,11
2010-12-01,24,21,27,20,34,22,29
2010-11-27,47,41,18,10,4,42,8
2010-11-24,49,11,46,30,38,45,37
2010-11-20,7,46,17,27,8,6,29
2010-11-17,29,33,41,27,3,6,8
2010-11-13,39,11,29,35,5,31,45
2010-11-10,15,30,40,35,26,41,34
2010-11-06,39,34,22,30,31,12,36
2010-11-03,21,13,28,37,39,45,6
2010-10-30,45,2,33,22,32,37,11
2010-10-27,11,41,3,48,16,5,32
2010-10-23,3,35,29,14,2,42,12
2010-10-20,14,36,30,44,47,31,26
2010-10-16,30,34,6,48,38,45,32
2010-10-13,19,27,26,44,18,24,8
2010-10-09,29,35,5,19,33,11,46
2010-10-06,18,9,23,35,30,17,14
2010-10-02,10,26,32,16,40,25,46
2010-09-29,32,29,38,25,44,21,14
2010-09-25,33,35,22,19,39,30,5
2010-09-22,12,29,47,9,41,27,19
2010-09-18,5,17,32,16,4,20,3
2010-09-15,2,20,40,33,43,46,14
2010-09-11,21,20,39,4,35,40,28
2010-09-08,34,10,49,26,48,8,6
2010-09-04,16,27,47,19,41,26,34
2010-09-01,41,27,21,20,7,28,4
2010-08-28,35,3,49,43,17,32,27
2010-08-25,5,17,30,12,10,28,47
2010-08-21,33,19,26,15,36,8,1
2010-08-18,13,16,40,2,24,25,18
2010-08-14,31,13,5,17,42,46,4
2010-08-11,21,4,31,34,25,27,45
2010-08-07,22,39,13,25,31,16,7
2010-08-04,43,38,14,17,22,24,21
2010-07-31,40,45,33,30,24,10,16
2010-07-28,37,43,1,42,11,33,19
2010-07-24,35,24,43,33,26,44,27
2010-07-21,25,16,28,34,8,27,32
2010-07-17,43,15,32,44,28,45,20
2010-07-14,15,26,1,40,43,25,16
2010-07-10,38,3,30,31,47,5,37
2010-07-07,34,23,36,29,41,45,22
2010-07-03,48,8,43,31,37,44,14
2010-06-30,25,35,18,20,36,6,31
2010-06-26,35,33,18,47,37,26,3
2010-06-23,9,17,27,13,22,5,30
2010-06-19,42,47,41,39,37,34,45
2010-06-16,47,34,40,8,32,4,16
2010-06-12,1,19,16,33,34,17,9
2010-06-09,45,26,46,49,33,14,30
2010-06-05,23,24,22,5,29,26,31
2010-06-02,25,33,39,12,2,17,1
2010-05-29,17,48,2,39,42,36,41
2010-05-26,20,27,5,19,2,4,21
2010-05-22,47,16,37,49,1,4,27
2010-05-19,15,36,34,47,24,23,44
2010-05-15,4,48,26,24,27,1,28
2010-05-12,19,17,45,11,44,40,16
2010-05-08,26,48,46,28,32,1,10
2010-05-05,3,8,47,10,36,6,2
2010-05-01,30,29,28,6,47,15,19
2010-04-28,5,19,23,11,38,46,34
2010-04-24,12,23,40,1,33,4,35
2010-04-21,2,45,16,33,19,10,30
2010-04-17,44,29,3,10,36,31,45
2010-04-14,23,2,6,8,46,44,37
2010-04-10,9,21,6,11,40,48,27
2010-04-07,11,8,20,47,33,43,49
2010-04-03,8,9,31,37,19,28,45
2010-03-31,29,18,38,44,14,43,13
2010-03-27,32,38,11,15,42,6,24
2010-03-24,3,49,28,5,23,42,41
2010-03-20,11,13,18,5,25,46,26
2010-03-17,16,30,42,34,41,37,5
2010-03-13,28,23,49,33,44,25,46
2010-03-10,23,1,34,13,6,29,37
2010-03-06,28,13,6,27,34,42,43
2010-03-03,44,47,35,32,27,18,23
2010-02-27,45,17,7,44,42,14,47
2010-02-24,38,3,11,18,49,23,34
2010-02-20,31,27,34,36,8,24,19
2010-02-17,3,38,49,22,27,31,45
2010-02-13,16,44,39,30,22,24,9
2010-02-10,42,37,5,44,7,15,3
2010-02-06,22,12,3,29,17,15,5
2010-02-03,11,3,12,28,21,20,31
2010-01-30,2,4,19,40,23,3,22
2010-01-27,27,13,1,4,7,11,12
2010-01-23,16,19,7,3,8,30,9
2010-01-20,16,18,17,27,28,2,43
2010-01-16,14,42,10,27,7,4,25
2010-01-13,21,16,6,43,14,8,19
2010-01-09,24,33,34,48,37,20,25
2010-01-06,49,4,18,45,43,16,23
2010-01-02,43,30,29,26,47,42,18
2009-12-30,35,34,29,27,5,14,4
2009-12-26,8,25,36,23,2,42,30
2009-12-23,18,15,32,36,37,26,22
2009-12-19,1,28,20,33,40,45,35
2009-12-16,20,44,35,2,34,40,49
2009-12-12,13,23,39,45,3,22,4
2009-12-09,13,31,40,5,36,41,6
2009-12-05,20,43,45,8,49,36,12
2009-12-02,19,47,22,34,2,25,28
2009-11-28,4,36,47,3,30,27,8
2009-11-25,23,29,17,11,3,6,44
2009-11-21,36,40,32,9,24,30,35
2009-11-18,4,18,19,13,12,1,38
2009-11-14,20,5,9,1,39,23,38
2009-11-11,6,38,4,48,12,31,29
2009-11-07,39,19,45,21,44,49,47
2009-11-04,49,23,42,39,1,2,5
2009-10-31,12,44,40,35,26,18,49
2009-10-28,41,24,25,38,34,43,11
2009-10-24,5,38,32,31,12,9,3
2009-10-21,12,19,33,16,6,44,20
2009-10-17,32,27,11,37,43,25,3
2009-10-14,11,42,32,35,24,5,20
2009-10-10,45,43,17,40,37,36,34
2009-10-07,43,27,26,45,28,46,5
2009-10-03,21,14,36,46,32,23,17
2009-09-30,28,41,2,36,15,10,8
2009-09-26,3,17,43,32,5,40,29
2009-09-23,23,28,25,46,47,41,27
2009-09-19,20,18,33,43,31,45,1
2009-09-16,34,44,23,48,46,18,6
2009-09-12,18,24,20,43,30,44,47
2009-09-09,23,35,11,28,39,2,15
2009-09-05,36,41,22,12,19,26,39
2009-09-02,28,7,4,2,27,35,21
2009-08-29,9,18,39,34,47,37,5
2009-08-26,17,48,27,3,11,9,6
2009-08-22,36,18,44,43,24,23,21
2009-08-19,23,41,45,26,10,30,49
2009-08-15,47,46,16,32,48,31,34
2009-08-12,27,9,21,39,20,40,14
2009-08-08,32,9,26,33,17,36,6
2009-08-05,16,32,18,44,39,1,33
2009-08-01,49,28,6,27,2,40,14
2009-07-29,19,20,23,26,13,3,1
2009-07-25,38,17,30,32,8,40,4
2009-07-22,22,23,31,35,40,2,20
2009-07-18,28,9,41,27,39,33,12
2009-07-15,10,8,41,5,29,39,15
2009-07-11,10,35,4,28,6,39,8
2009-07-08,21,35,10,22,49,16,31
2009-07-04,26,48,16,14,44,39,23
2009-07-01,38,11,1,2,31,43,46
2009-06-27,25,9,42,31,17,26,7
2009-06-24,21,31,17,23,10,20,32
2009-06-20,3,40,29,4,24,17,46
2009-06-17,10,36,14,8,28,11,18
2009-06-13,1,36,48,13,43,18,2
2009-06-10,30,8,23,21,46,3,26
2009-06-06,14,6,32,42,35,41,43
2009-06-03,31,6,33,22,4,35,3
2009-05-30,43,20,19,2,33,5,32
2009-05-27,48,31,41,12,24,2,40
2009-05-23,48,41,32,17,44,12,15
2009-05-20,45,37,9,10,30,46,29
2009-05-16,42,1,27,9,5,45,21
2009-05-13,37,31,19,47,16,13,5
2009-05-09,37,28,9,6,42,31,12
2009-05-06,10,8,1,34,20,13,28
2009-05-02,32,10,25,17,40,34,20
2009-04-29,42,15,45,35,1,48,38
2009-04-25,39,41,7,17,14,49,29
2009-04-22,21,43,42,11,34,45,20
2009-04-18,33,24,35,49,13,42,37
2009-04-15,31,23,5,9,39,18,37
2009-04-11,30,32,24,6,11,45,3
2009-04-08,25,21,23,48,10,8,3
2009-04-04,18,39,11,36,32,28,21
2009-04-01,3,19,14,24,40,5,38
2009-03-28,31,2,28,47,17,19,14
2009-03-25,13,37,23,49,26,27,47
2009-03-21,31,36,32,33,38,1,8
2009-03-18,39,2,41,5,22,25,27
2009-03-14,31,16,37,29,9,25,24
2009-03-11,21,31,6,20,9,34,48
2009-03-07,30,33,32,44,21,6,35
2009-03-04,46,3,32,37,25,21,15
2009-02-28,43,6,33,37,25,42,23
2009-02-25,19,6,39,32,25,37,21
2009-02-21,18,42,45,46,26,22,44
2009-02-18,24,44,29,5,23,39,26
2009-02-14,17,45,4,2,19,38,15
2009-02-11,46,38,14,9,47,16,11
2009-02-07,41,26,7,3,24,25,28
2009-02-04,24,31,40,33,36,4,25
2009-01-31,4,38,35,13,15,1,39
2009-01-28,40,43,39,29,4,37,9
2009-01-24,26,25,40,39,38,24,3
2009-01-21,3,32,25,45,28,29,48
2009-01-17,33,1,7,38,36,9,39
2009-01-14,18,42,37,28,39,3,40
2009-01-10,11,5,8,45,38,15,21
2009-01-07,27,32,8,45,39,1,7
2009-01-03,39,37,19,49,9,36,10
2008-12-31,36,3,45,11,15,33,38
2008-12-27,10,39,42,40,24,7,5
2008-12-24,37,47,10,24,31,2,38
2008-12-20,44,11,9,23,3,36,25
2008-12-17,26,17,15,10,49,46,47
2008-12-13,4,16,28,37,47,2,5
2008-12-10,27,29,23,9,11,33,36
2008-12-06,48,37,39,10,12,20,31
2008-12-03,34,21,4,44,19,12,38
2008-11-29,47,39,34,35,43,10,33
2008-11-26,49,23,6,13,3,27,16
2008-11-22,34,4,12,35,48,38,27
2008-11-19,33,5,31,18,27,7,29
2008-11-15,41,14,38,30,17,37,49
2008-11-12,1,5,20,27,13,45,14
2008-11-08,24,27,15,26,34,33,23
2008-11-05,2,43,34,27,13,11,25
2008-11-01,33,43,18,25,30,19,4
2008-10-29,12,27,15,20,10,6,26
2008-10-25,38,31,1,43,20,46,36
2008-10-22,1,29,40,12,37,35,25
2008-10-18,3,12,30,40,39,10,23
2008-10-15,34,38,8,15,18,1,19
2008-10-11,23,21,27,28,20,24,33
2008-10-08,42,48,24,25,9,13,5
2008-10-04,28,18,17,29,32,40,39
2008-10-01,6,27,42,29,49,38,30
2008-09-27,44,21,27,11,38,40,2
2008-09-24,21,24,35,14,46,1,38
2008-09-20,20,15,5,24,47,22,45
2008-09-17,9,29,3,24,11,43,25
2008-09-13,28,44,21,40,5,29,35
2008-09-10,19,22,7,48,16,15,38
2008-09-06,9,4,13,36,6,35,46
2008-09-03,3,24,5,7,35,9,11
2008-08-30,44,14,27,36,2,31,48
2008-08-27,14,43,8,35,34,33,12
2008-08-23,27,9,42,23,16,26,44
2008-08-20,33,29,34,32,1,38,6
2008-08-16,9,34,41,35,2,3,46
2008-08-13,23,11,9,26,5,10,12
2008-08-09,9,29,33,40,17,10,15
2008-08-06,30,49,47,23,7,9,18
2008-08-02,8,15,35,49,23,32,9
2008-07-30,28,4,26,32,46,44,7
2008-07-26,3,35,19,11,24,33,9
2008-07-23,39,35,40,33,15,17,49
2008-07-19,13,29,9,18,30,6,37
2008-07-16,17,18,3,42,22,12,19
2008-07-12,27,29,16,42,30,28,43
2008-07-09,2,26,29,15,3,9,19
2008-07-05,30,26,2,22,28,39,12
2008-07-02,3,30,4,12,31,23,33
2008-06-28,46,23,48,12,19,7,28
2008-06-25,36,23,24,22,11,12,26
2008-06-21,11,8,9,22,18,16,36
2008-06-18,39,12,40,45,34,26,19
2008-06-14,29,16,7,34,23,17,4
2008-06-11,28,22,35,1,8,44,19
2008-06-07,14,44,37,5,9,38,42
2008-06-04,27,35,39,42,37,19,23
2008-05-31,39,22,15,37,34,20,17
2008-05-28,10,28,48,45,36,25,40
2008-05-24,26,6,30,10,38,3,15
2008-05-21,2,23,38,41,49,47,1
2008-05-17,41,3,46,11,12,47,20
2008-05-14,41,3,29,34,42,4,25
2008-05-10,40,14,32,4,18,24,37
2008-05-07,9,12,10,31,16,30,3
2008-05-03,17,2,42,36,32,15,4
2008-04-30,15,41,35,33,44,31,9
2008-04-26,40,39,16,37,4,1,35
2008-04-23,10,39,23,41,15,34,33
2008-04-19,24,38,19,42,46,5,27
2008-04-16,10,14,38,29,4,31,43
2008-04-12,44,46,49,4,22,17,26
2008-04-09,8,1,6,32,14,17,12
2008-04-05,45,30,7,49,23,41,2
2008-04-02,47,6,43,21,2,23,29
2008-03-29,43,11,28,40,31,17,39
2008-03-26,33,45,22,48,27,3,17
2008-03-22,14,45,48,27,7,11,37
2008-03-19,27,22,35,25,5,21,14
2008-03-15,48,2,40,49,23,37,29
2008-03-12,47,26,1,38,13,41,7
2008-03-08,31,4,47,30,18,15,9
2008-03-05,16,8,43,14,39,47,38
2008-03-01,12,8,20,29,1,49,4
2008-02-27,30,32,38,45,16,29,40
2008-02-23,8,25,11,39,46,16,37
2008-02-20,17,39,31,29,44,7,4
2008-02-16,48,9,37,21,24,18,22
2008-02-13,32,14,24,28,41,9,13
2008-02-09,14,40,31,2,26,29,7
2008-02-06,48,2,5,12,15,30,38
2008-02-02,5,25,34,7,18,22,12
2008-01-30,40,7,46,37,27,8,1
2008-01-26,13,43,2,6,38,1,24
2008-01-23,30,12,13,36,15,4,42
2008-01-19,32,30,43,45,6,10,23
2008-01-16,29,17,22,42,8,13,43
2008-01-12,15,18,45,11,34,6,43
2008-01-09,28,44,49,26,24,14,45
2008-01-05,33,49,2,20,3,12,11
2008-01-02,25,13,37,15,39,31,41
2007-12-29,28,23,32,4,30,13,11
2007-12-26,18,44,8,27,23,14,48
2007-12-22,21,11,13,44,16,14,35
2007-12-19,33,36,13,21,47,11,3
2007-12-15,43,12,25,46,49,22,10
2007-12-12,20,42,45,19,23,44,7
2007-12-08,10,11,6,4,24,33,26
2007-12-05,26,18,13,2,39,8,10
2007-12-01,42,33,24,36,39,12,21
2007-11-28,45,44,15,25,11,33,17
2007-11-24,14,25,39,37,47,1,38
2007-11-21,32,6,8,47,25,24,15
2007-11-17,27,46,16,11,22,20,29
2007-11-14,5,4,35,37,42,21,14
2007-11-10,25,35,11,13,5,18,7
2007-11-07,2,6,36,13,17,9,4
2007-11-03,10,49,3,22,31,25,4
2007-10-31,35,9,33,12,25,20,17
2007-10-27,8,32,13,22,10,6,3
2007-10-24,48,14,24,28,16,45,29
2007-10-20,40,33,27,4,15,25,20
2007-10-17,12,10,32,22,45,46,27
2007-10-13,12,36,11,39,7,38,44
2007-10-10,1,36,24,45,27,9,49
2007-10-06,6,5,22,18,24,38,10
2007-10-03,1,30,17,24,49,26,14
2007-09-29,10,49,16,11,1,9,37
2007-09-26,41,32,24,8,16,2,4
2007-09-22,31,30,18,3,12,15,25
2007-09-19,25,13,2,47,6,5,45
2007-09-15,36,7,3,21,25,12,24
2007-09-12,46,18,13,21,4,30,5
2007-09-08,24,20,39,4,10,49,31
2007-09-05,26,40,35,24,39,11,38
2007-09-01,48,41,34,42,27,3,8
2007-08-29,6,31,11,17,41,4,44
2007-08-25,40,42,17,13,7,33,8
2007-08-22,18,40,39,42,35,31,32
2007-08-18,26,2,32,37,47,12,22
2007-08-15,43,2,15,35,5,34,12
2007-08-11,19,46,11,6,22,10,40
2007-08-08,12,13,9,20,43,3,7
2007-08-04,34,25,26,23,12,49,4
2007-08-01,23,15,28,42,6,3,40
2007-07-28,27,22,4,18,48,44,33
2007-07-25,3,18,38,21,36,24,20
2007-07-21,29,10,49,25,21,3,20
2007-07-18,31,12,39,33,41,45,23
2007-07-14,27,39,35,15,38,37,11
2007-07-11,9,46,10,3,47,12,22
2007-07-07,33,28,22,30,16,35,37
2007-07-04,44,32,13,22,46,3,26
2007-06-30,17,46,34,11,10,38,48
2007-06-27,41,40,13,48,23,7,1
2007-06-23,25,12,41,19,6,31,21
2007-06-20,43,13,22,16,47,49,28
2007-06-16,45,43,41,8,33,17,37
2007-06-13,40,24,19,48,30,13,31
2007-06-09,23,46,3,33,2,40,30
2007-06-06,40,7,28,37,21,22,1
2007-06-02,38,43,1,35,33,10,34
2007-05-30,2,25,47,41,20,22,37
2007-05-26,28,19,15,24,34,3,17
2007-05-23,40,32,31,3,19,36,43
2007-05-19,19,20,17,32,36,48,18
2007-05-16,27,9,24,28,20,22,12
2007-05-12,43,40,3,12,6,9,44
2007-05-09,8,34,47,9,49,19,4
2007-05-05,34,39,4,38,49,33,23
2007-05-02,11,18,39,44,25,27,34
2007-04-28,47,28,41,24,17,11,48
2007-04-25,32,1,39,25,31,7,18
2007-04-21,30,46,21,20,14,41,6
2007-04-18,30,41,17,8,11,32,47
2007-04-14,23,36,49,29,16,13,14
2007-04-11,8,42,35,21,11,32,47
2007-04-07,37,23,24,33,30,31,20
2007-04-04,35,14,46,19,49,11,17
2007-03-31,48,44,42,39,3,35,41
2007-03-28,32,41,19,2,5,23,38
2007-03-24,30,9,45,14,26,28,38
2007-03-21,19,35,45,44,29,15,7
2007-03-17,44,9,20,1,43,14,32
2007-03-14,48,24,21,39,6,38,41
2007-03-10,38,1,9,34,16,41,4
2007-03-07,25,14,42,48,4,35,37
2007-03-03,11,28,5,19,36,1,38
2007-02-28,40,34,15,46,44,4,45
2007-02-24,34,18,5,42,49,26,8
2007-02-21,34,1,6,39,42,26,25
2007-02-17,43,18,6,47,40,49,32
2007-02-14,42,1,4,38,2,43,23
2007-02-10,26,41,39,38,22,42,8
2007-02-07,18,16,29,6,35,30,48
2007-02-03,17,46,49,13,47,39,48
2007-01-31,21,14,30,43,13,49,17
2007-01-27,38,4,24,21,15,23,36
2007-01-24,48,2,10,8,31,46,12
2007-01-20,49,7,26,39,28,4,47
2007-01-17,37,17,12,25,21,31,30
2007-01-13,28,8,12,20,5,48,40
2007-01-10,2,1,29,49,13,33,6
2007-01-06,35,40,15,29,39,25,11
2007-01-03,4,44,6,43,36,30,20
2006-12-30,45,1,2,11,37,7,14
2006-12-27,29,45,39,16,34,27,19
2006-12-23,44,24,49,10,37,16,4
2006-12-20,10,25,38,22,21,4,31
2006-12-16,11,46,30,8,5,27,34
2006-12-13,4,12,14,46,20,49,24
2006-12-09,18,10,46,5,20,8,43
2006-12-06,5,9,2,12,22,32,34
2006-12-02,31,15,46,42,11,9,27
2006-11-29,20,42,31,17,46,40,1
2006-11-25,44,4,38,31,7,48,1
2006-11-22,45,14,24,49,31,15,34
2006-11-18,19,20,32,1,42,46,49
2006-11-15,42,2,3,40,22,17,12
2006-11-11,23,41,34,24,28,33,18
2006-11-08,18,46,38,2,31,39,42
2006-11-04,42,17,43,33,40,30,34
2006-11-01,14,9,20,31,13,35,32
2006-10-28,29,6,20,12,4,5,30
2006-10-25,22,7,2,14,10,16,43
2006-10-21,31,18,37,15,23,49,38
2006-10-18,39,12,48,36,41,6,17
2006-10-14,8,15,42,24,37,31,45
2006-10-11,27,26,14,24,39,16,6
2006-10-07,36,23,24,26,4,13,45
2006-10-04,19,32,16,27,14,12,44
2006-09-30,26,12,13,19,8,38,11
2006-09-27,16,27,3,44,2,48,24
2006-09-23,43,6,42,26,28,35,38
2006-09-20,45,29,3,38,21,35,46
2006-09-16,11,16,34,43,33,12,28
2006-09-13,15,48,8,17,40,43,21
2006-09-09,43,37,15,21,2,46,36
2006-09-06,7,29,5,37,14,38,12
2006-09-02,34,20,3,8,40,22,38
2006-08-30,38,22,19,49,44,21,45
2006-08-26,49,17,42,10,31,24,5
2006-08-23,37,6,20,23,21,16,40
2006-08-19,34,6,40,48,29,31,4
2006-08-16,16,4,25,20,31,8,43
2006-08-12,24,43,46,38,49,30,6
2006-08-09,16,12,2,41,18,4,48
2006-08-05,11,18,31,26,13,3,35
2006-08-02,9,41,18,5,47,8,49
2006-07-29,5,21,19,49,4,16,20
2006-07-26,17,33,39,7,30,27,6
2006-07-22,31,47,23,26,22,20,2
2006-07-19,37,46,25,21,45,4,6
2006-07-15,38,12,6,39,19,20,13
2006-07-12,20,28,27,39,18,26,45
2006-07-08,19,29,42,6,10,32,13
2006-07-05,17,33,7,45,42,29,24
2006-07-01,28,37,39,18,42,33,15
2006-06-28,34,12,11,44,39,48,21
2006-06-24,44,9,21,39,14,23,19
2006-06-21,44,8,49,27,38,16,31
2006-06-17,41,25,26,47,40,33,10
2006-06-14,49,7,10,35,33,4,46
2006-06-10,41,32,39,14,27,47,12
2006-06-07,6,48,9,11,33,14,31
2006-06-03,28,6,7,4,9,39,20
2006-05-31,32,34,4,37,35,16,1
2006-05-27,28,24,8,5,31,12,22
2006-05-24,25,29,46,41,17,1,6
2006-05-20,22,24,6,16,17,45,48
2006-05-17,33,19,35,38,10,3,8
2006-05-13,22,36,21,47,3,15,27
2006-05-10,32,13,36,8,28,46,15
2006-05-06,11,21,2,34,33,7,8
2006-05-03,39,9,40,42,22,11,12
2006-04-29,36,29,47,10,31,32,17
2006-04-26,48,27,45,33,32,1,25
2006-04-22,9,40,48,30,24,42,15
2006-04-19,3,44,49,9,33,47,38
2006-04-15,48,19,7,15,37,23,45
2006-04-12,49,26,44,38,7,19,24
2006-04-08,5,40,28,6,18,7,12
2006-04-05,2,49,16,26,22,1,15
2006-04-01,23,9,18,21,39,17,45
2006-03-29,44,18,37,2,36,6,19
2006-03-25,2,6,30,10,17,29,9
2006-03-22,19,34,16,8,4,40,38
2006-03-18,44,22,34,10,24,7,18
2006-03-15,1,30,35,14,48,21,24
2006-03-11,36,29,31,4,9,13,16
2006-03-08,14,37,1,11,35,42,26
2006-03-04,40,33,22,1,32,16,48
2006-03-01,16,15,42,19,28,38,20
2006-02-25,43,14,48,37,24,7,29
2006-02-22,42,35,9,43,27,5,14
2006-02-18,35,36,23,40,32,9,5
2006-02-15,16,12,11,5,45,17,42
2006-02-11,9,25,15,40,4,30,42
2006-02-08,28,27,42,31,9,41,25
2006-02-04,22,39,1,6,3,23,21
2006-02-01,11,13,5,17,48,44,25
2006-01-28,29,30,22,9,48,18,23
2006-01-25,46,14,18,9,26,15,45
2006-01-21,49,39,26,1,27,25,37
2006-01-18,2,47,24,46,3,7,36
2006-01-14,28,4,8,47,23,16,34
2006-01-11,38,5,19,34,8,6,11
2006-01-07,14,48,28,19,8,29,6
2006-01-04,43,7,13,45,47,31,23
2005-12-31,33,6,36,49,11,9,29
2005-12-28,42,6,30,10,19,8,23
2005-12-24,25,30,17,21,27,37,16
2005-12-21,13,5,45,31,6,12,24
2005-12-17,47,15,35,11,21,7,43
2005-12-14,9,17,7,40,22,27,41
2005-12-10,30,20,23,48,31,25,10
2005-12-07,26,11,8,2,22,12,46
2005-12-03,47,2,28,11,10,36,33
2005-11-30,14,7,37,41,29,45,4
2005-11-26,46,39,27,28,19,34,7
2005-11-23,14,36,46,33,42,39,13
2005-11-19,19,37,4,10,9,24,28
2005-11-16,22,24,4,41,9,30,20
2005-11-12,12,25,30,47,13,45,42
2005-11-09,30,49,45,15,23,1,33
2005-11-05,32,26,13,21,39,12,17
2005-11-02,48,49,32,47,25,19,28
2005-10-29,39,2,49,13,5,30,3
2005-10-26,26,14,28,10,33,38,23
2005-10-22,30,39,18,22,32,20,3
2005-10-19,21,29,18,7,20,47,31
2005-10-15,29,7,4,42,30,44,39
2005-10-12,13,15,19,45,7,5,38
2005-10-08,26,22,1,20,14,25,9
2005-10-05,14,34,17,23,42,30,19
2005-10-01,31,6,4,47,42,46,11
2005-09-28,46,21,32,41,43,42,17
2005-09-24,29,11,27,2,44,36,15
2005-09-21,23,42,40,33,35,2,25
2005-09-17,21,40,46,9,31,23,8
2005-09-14,15,39,20,35,25,22,36
2005-09-10,1,34,46,24,8,27,30
2005-09-07,7,43,41,1,5,49,45
2005-09-03,35,14,34,45,26,36,32
2005-08-31,4,49,21,32,14,10,44
2005-08-27,13,6,43,17,32,23,49
2005-08-24,40,48,1,43,49,44,2
2005-08-20,20,44,11,12,38,7,45
2005-08-17,33,13,22,31,10,3,15
2005-08-13,22,48,30,35,19,44,3
2005-08-10,8,43,31,15,34,30,40
2005-08-06,6,3,7,17,34,30,8
2005-08-03,10,43,2,36,30,37,29
2005-07-30,13,43,9,35,45,3,8
2005-07-27,13,37,17,10,31,12,44
2005-07-23,37,29,16,12,7,24,44
2005-07-20,43,39,45,29,41,4,42
2005-07-16,44,3,21,38,2,24,47
2005-07-13,36,47,25,39,42,3,23
2005-07-09,22,37,7,20,23,34,38
2005-07-06,12,3,17,49,44,36,20
2005-07-02,33,35,38,40,25,8,7
2005-06-29,12,44,7,23,29,26,31
2005-06-25,49,44,38,15,23,27,34
2005-06-22,44,4,7,48,47,1,14
2005-06-18,49,26,7,4,41,42,37
2005-06-15,37,12,42,7,11,45,4
2005-06-11,34,45,25,1,18,2,31
2005-06-08,11,48,34,13,44,26,2
2005-06-04,40,13,8,6,15,21,35
2005-06-01,17,3,19,11,41,20,6
2005-05-28,21,24,46,16,34,10,30
2005-05-25,18,33,37,14,29,39,47
2005-05-21,47,34,43,38,48,14,9
2005-05-18,4,28,47,22,27,19,41
2005-05-14,43,18,33,12,48,22,25
2005-05-11,17,43,6,29,11,1,8
2005-05-07,34,35,49,6,2,21,46
2005-05-04,41,30,48,38,45,35,46
2005-04-30,30,23,47,26,39,2,31
2005-04-27,15,24,20,47,2,32,29
2005-04-23,31,43,25,18,29,3,23
2005-04-20,38,26,27,13,43,41,35
2005-04-16,39,42,40,32,26,25,41
2005-04-13,36,41,48,23,14,40,6
2005-04-09,47,22,45,25,27,14,8
2005-04-06,36,45,26,22,43,49,6
2005-04-02,27,26,42,34,18,29,36
2005-03-30,11,31,26,29,1,23,39
2005-03-26,28,48,5,40,21,23,26
2005-03-23,25,14,12,38,30,32,42
2005-03-19,18,33,6,49,8,43,27
2005-03-16,35,3,21,9,39,7,32
2005-03-12,8,2,1,41,9,48,29
2005-03-09,14,47,25,40,21,39,20
2005-03-05,49,27,26,19,24,6,8
2005-03-02,33,15,48,3,16,6,43
2005-02-26,48,43,14,8,25,40,33
2005-02-23,32,37,25,36,17,30,6
2005-02-19,35,16,10,30,19,45,6
2005-02-16,9,49,13,30,29,18,41
2005-02-12,11,23,18,20,48,32,25
2005-02-09,12,24,32,33,22,18,17
2005-02-05,22,44,36,19,43,33,1
2005-02-02,49,28,2,33,19,44,21
2005-01-29,27,3,38,8,44,46,35
2005-01-26,14,33,40,12,3,22,19
2005-01-22,42,15,23,5,30,34,14
2005-01-19,34,47,24,33,15,28,37
2005-01-15,20,38,32,5,30,35,9
2005-01-12,5,4,38,31,42,33,41
2005-01-08,29,10,17,33,28,7,36
2005-01-05,48,8,42,20,5,15,40
2005-01-01,4,40,9,15,6,12,25
2004-12-29,30,22,41,47,43,4,29
2004-12-24,37,49,36,24,19,15,35
2004-12-22,45,44,4,47,12,27,41
2004-12-18,25,5,16,27,30,22,33
2004-12-15,19,31,7,25,39,11,23
2004-12-11,7,49,9,19,23,27,1
2004-12-08,12,11,35,16,26,39,34
2004-12-04,42,45,38,35,9,8,14
2004-12-01,7,18,31,36,49,27,43
2004-11-27,7,43,9,46,4,10,11
2004-11-24,48,6,9,23,38,15,45
2004-11-20,1,8,26,4,28,36,31
2004-11-17,11,36,24,28,14,20,46
2004-11-13,22,4,12,13,10,14,21
2004-11-10,40,27,37,43,13,49,1
2004-11-06,2,26,39,40,36,29,10
2004-11-03,35,25,36,39,5,33,43
2004-10-30,27,8,47,26,3,9,45
2004-10-27,39,21,11,40,9,46,35
2004-10-23,40,22,37,38,27,33,24
2004-10-20,10,31,25,19,33,13,21
2004-10-16,25,32,46,36,45,33,47
2004-10-13,17,3,18,14,43,7,42
2004-10-09,34,30,17,22,6,27,26
2004-10-06,11,37,6,19,12,44,16
2004-10-02,41,33,1,5,6,31,35
2004-09-29,41,31,23,14,35,4,24
2004-09-25,42,10,28,3,43,29,2
2004-09-22,49,19,40,46,12,42,17
2004-09-18,10,13,28,5,42,14,48
2004-09-15,17,33,3,21,44,11,27
2004-09-11,19,8,5,42,35,30,18
2004-09-08,48,1,10,39,35,27,28
2004-09-04,3,25,5,43,10,47,20
2004-09-01,27,32,49,12,25,37,28
2004-08-28,44,6,37,7,10,20,36
2004-08-25,46,10,19,12,13,31,17
2004-08-21,44,1,2,19,30,49,21
2004-08-18,6,36,42,12,13,11,21
2004-08-14,13,14,41,32,31,37,42
2004-08-11,48,19,47,12,11,49,7
2004-08-07,33,41,11,38,28,8,40
2004-08-04,8,4,10,17,22,7,11
2004-07-31,40,29,3,13,48,17,39
2004-07-28,11,14,25,21,10,42,15
2004-07-24,30,27,31,22,48,49,28
2004-07-21,6,43,15,13,40,9,2
2004-07-17,16,1,11,23,36,3,22
2004-07-14,47,38,33,6,27,45,8
2004-07-10,32,6,9,31,47,40,24
2004-07-07,33,5,17,10,16,11,13
2004-07-03,43,25,47,8,6,21,16
2004-06-30,12,29,43,11,37,15,45
2004-06-26,24,21,28,16,31,33,3
2004-06-23,18,5,48,24,38,21,25
2004-06-19,42,45,23,2,31,28,17
2004-06-16,35,42,31,26,22,29,6
2004-06-12,44,49,35,48,22,7,16
2004-06-09,1,12,23,35,45,26,43
2004-06-05,44,5,26,8,9,29,16
2004-06-02,42,43,5,26,22,40,44
2004-05-29,4,18,40,19,6,1,30
2004-05-26,15,18,34,24,11,44,28
2004-05-22,1,4,46,5,34,25,12
2004-05-19,39,22,10,37,33,28,42
2004-05-15,49,44,35,4,46,29,12
2004-05-12,40,19,10,18,15,11,28
2004-05-08,23,42,14,49,28,17,5
2004-05-05,45,43,33,23,32,42,4
2004-05-01,5,49,10,15,27,6,20
2004-04-28,43,34,3,47,26,1,12
2004-04-24,5,1,37,3,17,4,30
2004-04-21,7,29,19,20,49,41,18
2004-04-17,48,31,3,21,42,47,34
2004-04-14,1,38,22,32,3,44,45
2004-04-10,34,30,47,25,39,40,16
2004-04-07,36,25,46,33,9,49,43
2004-04-03,9,38,3,28,29,12,5
2004-03-31,7,11,40,24,4,8,33
2004-03-27,21,41,33,25,19,37,38
2004-03-24,17,19,29,41,7,26,49
2004-03-20,46,48,13,21,37,42,22
2004-03-17,16,38,43,30,5,42,4
2004-03-13,10,1,18,46,19,11,43
2004-03-10,43,37,34,17,11,14,22
2004-03-06,43,20,35,19,45,17,7
2004-03-03,44,47,24,40,48,38,23
2004-02-28,22,19,38,43,39,6,18
2004-02-25,6,28,41,38,21,34,47
2004-02-21,18,1,5,48,42,8,38
2004-02-18,24,21,13,3,5,1,29
2004-02-14,14,39,45,17,31,15,23
2004-02-11,23,22,40,38,43,47,32
2004-02-07,46,45,25,22,44,18,7
2004-02-04,9,47,18,35,11,20,40
2004-01-31,27,5,12,13,19,47,40
2004-01-28,16,8,17,47,10,30,7
2004-01-24,27,25,32,43,35,16,42
2004-01-21,3,25,34,11,28,45,42
2004-01-17,24,39,4,8,21,44,5
2004-01-14,46,21,2,40,19,5,33
2004-01-10,14,29,39,41,23,45,17
2004-01-07,34,17,2,23,12,24,10
2004-01-03,49,18,40,23,17,22,10
2003-12-31,34,41,28,31,19,47,1
2003-12-27,22,41,27,3,18,46,37
2003-12-24,24,1,48,7,27,46,31
2003-12-20,23,35,44,46,8,39,31
2003-12-17,13,4,21,36,46,6,37
2003-12-13,1,28,39,7,33,9,4
2003-12-10,8,14,37,48,26,21,9
2003-12-06,43,3,34,11,35,13,8
2003-12-03,2,38,34,47,28,35,6
2003-11-29,25,23,26,9,33,36,37
2003-11-26,40,16,34,32,48,35,3
2003-11-22,39,16,8,1,5,31,22
2003-11-19,18,48,43,13,12,11,21
2003-11-15,30,47,32,17,31,35,42
2003-11-12,13,17,24,21,6,9,30
2003-11-08,39,2,12,48,33,45,29
2003-11-05,47,22,18,10,20,12,38
2003-11-01,46,15,11,9,24,38,29
2003-10-29,19,30,29,38,9,25,3
2003-10-25,43,10,18,21,49,4,15
2003-10-22,46,32,34,6,19,29,39
2003-10-18,23,11,5,17,40,45,41
2003-10-15,16,49,7,42,11,32,17
2003-10-11,3,11,6,20,34,43,36
2003-10-08,25,6,22,28,26,44,9
2003-10-04,2,8,35,39,23,32,16
2003-10-01,24,3,48,27,16,30,21
2003-09-27,30,47,44,46,24,7,38
2003-09-24,37,34,28,45,13,11,9
2003-09-20,31,2,48,1,23,15,49
2003-09-17,15,29,21,9,16,3,46
2003-09-13,8,30,32,9,3,4,12
2003-09-10,28,41,25,48,9,37,30
2003-09-06,21,25,39,1,27,42,17
2003-09-03,42,11,39,38,10,13,8
2003-08-30,18,38,43,44,26,33,2
2003-08-27,29,44,8,45,18,19,42
2003-08-23,42,25,15,10,18,48,11
2003-08-20,34,37,48,5,42,6,31
2003-08-16,1,9,42,45,12,10,27
2003-08-13,28,19,16,18,10,15,8
2003-08-09,41,25,14,30,19,11,38
2003-08-06,8,45,1,36,13,22,21
2003-08-02,45,28,49,47,5,26,8
2003-07-30,22,38,17,45,2,49,1
2003-07-26,37,49,16,1,12,26,23
2003-07-23,19,31,11,46,23,38,9
2003-07-19,9,34,3,17,10,48,36
2003-07-16,16,17,2,26,42,15,35
2003-07-12,15,13,21,12,9,33,43
2003-07-09,35,30,2,24,31,7,18
2003-07-05,10,18,6,19,22,43,8
2003-07-02,17,14,30,1,23,47,12
2003-06-28,23,17,35,10,1,29,36
2003-06-25,2,23,7,6,27,30,21
2003-06-21,36,20,45,12,39,44,49
2003-06-18,32,16,18,38,40,26,27
2003-06-14,46,43,37,3,12,29,11
2003-06-11,49,39,48,13,9,22,14
2003-06-07,5,30,18,17,6,2,29
2003-06-04,20,40,49,7,27,43,12
2003-05-31,22,25,2,9,26,12,21
2003-05-28,7,25,15,32,1,27,22
2003-05-24,22,42,25,4,34,30,35
2003-05-21,35,39,21,18,19,32,42
2003-05-17,48,15,36,12,8,22,37
2003-05-14,3,1,27,16,17,4,7
2003-05-10,26,32,18,8,38,24,31
2003-05-07,12,35,33,47,7,26,28
2003-05-03,7,3,49,46,6,29,37
2003-04-30,16,43,26,20,35,46,10
2003-04-26,35,27,21,9,48,33,18
2003-04-23,13,31,44,41,33,24,5
2003-04-19,48,8,38,31,13,10,14
2003-04-16,5,29,47,23,7,38,26
2003-04-12,45,25,3,16,5,43,23
2003-04-09,7,45,27,25,33,20,41
2003-04-05,30,26,38,31,45,9,32
2003-04-02,11,37,15,8,21,39,25
2003-03-29,33,42,5,15,35,21,26
2003-03-26,37,47,35,10,22,49,31
2003-03-22,45,10,47,49,8,2,9
2003-03-19,16,18,10,15,2,39,36
2003-03-15,47,28,4,25,38,24,11
2003-03-12,33,16,6,40,41,37,25
2003-03-08,32,5,8,6,33,41,15
2003-03-05,23,8,3,34,46,12,24
2003-03-01,29,31,45,44,22,24,35
2003-02-26,38,5,40,34,18,45,22
2003-02-22,30,19,42,33,38,44,31
2003-02-19,35,10,1,4,28,17,32
2003-02-15,32,4,20,48,49,44,27
2003-02-12,35,18,17,12,30,20,49
2003-02-08,43,32,23,37,27,41,35
2003-02-05,26,46,13,17,1,42,30
2003-02-01,30,13,2,39,47,45,21
2003-01-29,6,26,37,1,29,48,27
2003-01-25,3,42,39,35,38,19,1
2003-01-22,23,16,35,5,44,47,46
2003-01-18,4,11,20,46,43,35,18
2003-01-15,46,29,48,33,38,11,44
2003-01-11,9,26,18,37,22,41,20
2003-01-08,12,34,48,46,22,10,3
2003-01-04,40,19,36,45,33,32,28
2003-01-01,22,34,3,29,27,41,31
2002-12-28,32,37,36,2,20,18,5
2002-12-24,4,8,9,19,46,32,17
2002-12-21,4,23,37,22,44,43,19
2002-12-18,11,42,21,17,40,22,19
2002-12-14,47,11,38,45,39,21,26
2002-12-11,15,10,29,16,48,13,49
2002-12-07,36,35,34,2,19,29,18
2002-12-04,2,40,26,23,28,4,29
2002-11-30,6,39,37,29,7,20,25
2002-11-27,25,42,11,35,36,47,18
2002-11-23,5,12,30,6,19,47,25
2002-11-20,16,18,44,48,19,46,3
2002-11-16,34,42,10,48,30,49,6
2002-11-13,8,24,31,14,6,3,35
2002-11-09,4,5,37,31,19,8,36
2002-11-06,41,6,21,8,42,2,7
2002-11-02,42,48,5,32,28,39,21
2002-10-30,21,10,31,49,26,48,29
2002-10-26,45,33,10,24,32,7,29
2002-10-23,26,44,46,11,43,36,29
2002-10-19,12,45,43,44,47,30,10
2002-10-16,34,25,45,28,13,19,32
2002-10-12,35,36,16,18,39,48,15
2002-10-09,7,44,47,31,25,22,1
2002-10-05,37,49,15,18,16,36,28
2002-10-02,3,15,14,21,48,2,8
2002-09-28,10,9,11,13,2,16,26
2002-09-25,6,33,21,32,47,29,4
2002-09-21,6,7,30,11,1,13,27
2002-09-18,37,12,7,4,29,42,14
2002-09-14,14,24,29,8,27,32,21
2002-09-11,20,44,37,15,28,40,23
2002-09-07,7,21,38,29,31,41,28
2002-09-04,23,47,33,45,28,2,13
2002-08-31,46,2,43,18,31,23,11
2002-08-28,7,4,9,46,17,36,23
2002-08-24,4,38,28,46,26,17,3
2002-08-21,42,34,19,32,5,14,35
2002-08-17,40,32,31,20,19,35,23
2002-08-14,20,29,6,8,1,38,31
2002-08-10,23,28,32,13,31,16,18
2002-08-07,30,22,10,23,33,42,36
2002-08-03,35,6,19,11,44,36,39
2002-07-31,45,9,13,26,23,15,49
2002-07-27,24,44,26,29,28,34,45
2002-07-24,43,35,13,21,34,7,10
2002-07-20,34,7,10,48,16,47,36
2002-07-17,11,46,45,31,41,10,42
2002-07-13,23,24,21,15,32,31,8
2002-07-10,43,4,19,30,18,20,24
2002-07-06,1,49,20,42,43,44,9
2002-07-03,29,27,2,22,4,5,24
2002-06-29,42,49,36,28,4,25,37
2002-06-26,25,6,43,33,38,7,23
2002-06-22,17,22,18,32,14,37,12
2002-06-19,41,21,39,36,18,32,9
2002-06-15,30,23,36,3,13,14,32
2002-06-12,48,10,1,47,2,34,12
2002-06-08,47,16,18,36,28,15,49
2002-06-05,26,3,47,7,43,5,10
2002-06-01,13,41,19,44,27,36,3
2002-05-29,34,44,40,19,30,26,13
2002-05-25,15,40,14,25,7,27,18
2002-05-22,46,39,43,5,9,18,48
2002-05-18,38,22,48,31,30,21,13
2002-05-15,40,4,19,49,6,10,9
2002-05-11,1,27,35,46,43,25,22
2002-05-08,44,10,42,47,49,8,14
2002-05-04,9,47,45,17,11,8,24
2002-05-01,32,22,19,24,15,10,41
2002-04-27,11,32,19,44,33,43,3
2002-04-24,30,17,3,20,13,21,23
2002-04-20,14,32,44,21,43,7,31
2002-04-17,5,32,43,30,19,13,6
2002-04-13,41,22,3,40,19,44,35
2002-04-10,26,5,24,11,34,41,2
2002-04-06,39,32,35,17,48,18,8
2002-04-03,32,26,4,8,34,18,10
2002-03-30,8,14,38,47,36,25,15
2002-03-27,35,9,20,6,24,36,39
2002-03-23,9,40,31,30,24,28,49
2002-03-20,28,18,25,10,37,43,14
2002-03-16,6,42,44,41,26,5,11
2002-03-13,27,7,1,34,23,15,26
2002-03-09,39,9,20,18,48,21,6
2002-03-06,33,31,5,17,34,20,26
2002-03-02,43,25,11,33,37,8,30
2002-02-27,28,44,6,39,31,12,42
2002-02-23,27,8,34,43,48,9,25
2002-02-20,21,25,24,46,49,17,22
2002-02-16,37,24,36,10,20,44,1
2002-02-13,29,7,12,13,16,4,22
2002-02-09,20,7,28,40,48,15,4
2002-02-06,13,36,2,20,40,37,34
2002-02-02,45,12,30,6,46,39,11
2002-01-30,47,42,27,12,39,19,4
2002-01-26,27,20,25,13,32,10,1
2002-01-23,14,8,20,19,44,6,41
2002-01-19,7,39,18,37,34,42,21
2002-01-16,44,32,27,15,23,16,17
2002-01-12,11,1,12,24,3,20,38
2002-01-09,41,20,16,45,29,28,12
2002-01-05,41,28,16,42,34,2,38
2002-01-02,20,24,29,32,2,6,21
2001-12-29,31,32,36,11,45,19,41
2001-12-26,36,17,29,37,26,10,16
2001-12-22,10,12,40,23,9,1,8
2001-12-19,7,34,48,46,43,28,20
2001-12-15,24,7,13,40,35,5,16
2001-12-12,38,33,25,23,44,9,29
2001-12-08,42,1,14,16,34,30,9
2001-12-05,4,19,29,6,8,23,38
2001-12-01,34,26,2,48,14,19,11
2001-11-28,8,42,32,45,31,22,20
2001-11-24,23,30,37,27,38,42,28
2001-11-21,30,44,10,25,46,38,17
2001-11-17,34,19,12,30,37,41,1
2001-11-14,32,19,47,29,43,33,46
2001-11-10,25,6,24,23,30,49,39
2001-11-07,39,40,10,20,8,9,36
2001-11-03,10,34,44,43,39,31,17
2001-10-31,36,4,6,49,18,5,13
2001-10-27,21,2,24,27,23,38,33
2001-10-24,43,38,8,39,44,40,3
2001-10-20,19,1,3,21,26,6,14
2001-10-17,26,32,31,20,5,40,36
2001-10-13,48,40,33,38,49,8,6
2001-10-10,38,46,26,28,30,18,25
2001-10-06,12,33,29,44,9,47,45
2001-10-03,26,44,14,30,45,2,40
2001-09-29,44,22,38,14,2,17,35
2001-09-26,19,14,3,15,47,17,5
2001-09-22,49,14,46,6,35,45,16
2001-09-19,30,8,25,45,6,21,42
2001-09-15,17,2,9,15,40,48,23
2001-09-12,27,35,21,11,30,25,40
2001-09-08,49,6,13,20,1,18,30
2001-09-05,24,48,23,15,43,27,12
2001-09-01,32,34,38,9,49,1,3
2001-08-29,13,47,9,29,4,5,36
2001-08-25,1,43,14,30,36,10,20
2001-08-22,22,33,37,14,20,29,45
2001-08-18,22,18,16,11,23,31,37
2001-08-15,21,18,4,35,38,6,31
2001-08-11,36,38,18,19,40,25,42
2001-08-08,29,32,31,46,39,26,33
2001-08-04,11,47,28,4,15,7,39
2001-08-01,15,40,11,27,33,20,14
2001-07-28,31,29,3,45,36,13,44
2001-07-25,37,8,1,3,2,30,19
2001-07-21,27,45,18,13,1,9,29
2001-07-18,2,25,31,45,41,37,6
2001-07-14,22,14,7,37,38,11,36
2001-07-11,24,16,19,11,33,47,39
2001-07-07,49,38,34,41,24,37,15
2001-07-04,38,13,28,40,32,47,27
2001-06-30,43,48,9,15,22,46,21
2001-06-27,45,12,49,39,18,43,33
2001-06-23,15,24,25,46,16,7,37
2001-06-20,11,31,24,49,34,18,48
2001-06-16,31,7,35,39,45,25,8
2001-06-13,35,12,14,19,48,33,40
2001-06-09,33,24,12,45,14,48,31
2001-06-06,16,37,38,35,12,47,26
2001-06-02,11,32,24,39,7,19,29
2001-05-30,35,23,44,7,15,39,48
2001-05-26,49,29,15,22,35,3,20
2001-05-23,30,31,11,44,4,47,21
2001-05-19,12,33,30,48,43,4,35
2001-05-16,25,1,33,27,38,45,4
2001-05-12,39,6,30,38,45,29,22
2001-05-09,30,48,27,9,32,18,46
2001-05-05,47,16,46,1,33,3,35
2001-05-02,43,23,17,20,2,28,16
2001-04-28,2,47,25,44,33,40,17
2001-04-25,40,35,11,44,24,10,33
2001-04-21,23,46,12,20,26,33,1
2001-04-18,35,44,49,46,41,30,33
2001-04-14,42,47,7,41,35,24,12
2001-04-11,44,49,37,38,2,19,33
2001-04-07,19,30,34,9,44,32,18
2001-04-04,16,28,10,24,23,45,46
2001-03-31,22,34,44,26,37,23,8
2001-03-28,36,35,34,25,2,39,26
2001-03-24,25,42,31,43,6,32,38
2001-03-21,11,42,34,27,39,22,36
2001-03-17,1,3,45,15,26,46,48
2001-03-14,38,37,1,31,8,5,15
2001-03-10,21,4,37,2,36,12,46
2001-03-07,3,30,40,12,33,49,22
2001-03-03,7,48,20,14,24,38,17
2001-02-28,12,13,9,22,32,4,8
2001-02-24,28,3,29,1,12,41,42
2001-02-21,40,24,8,10,30,44,17
2001-02-17,14,40,10,45,31,35,26
2001-02-14,3,23,10,30,27,32,19
2001-02-10,12,32,7,20,17,9,30
2001-02-07,5,2,33,37,45,40,22
2001-02-03,17,15,25,26,2,16,44
2001-01-31,1,33,38,36,16,45,48
2001-01-27,47,15,45,39,4,12,22
2001-01-24,29,28,39,10,31,11,24
2001-01-20,41,13,22,43,17,47,28
2001-01-17,47,36,10,24,31,13,41
2001-01-13,23,12,36,40,34,28,18
2001-01-10,27,15,24,14,10,23,39
2001-01-06,40,35,34,16,23,6,37
2001-01-03,6,22,16,5,17,19,40
2000-12-30,47,1,16,7,38,18,10
2000-12-27,37,9,36,26,42,24,25
2000-12-23,16,37,17,23,2,38,6
2000-12-20,41,46,49,5,8,39,13
2000-12-16,21,39,26,29,17,34,37
2000-12-13,12,3,38,34,39,23,11
2000-12-09,16,11,31,32,25,33,23
2000-12-06,6,13,27,10,47,19,25
2000-12-02,47,37,2,46,19,28,38
2000-11-29,28,37,33,19,7,30,29
2000-11-25,42,48,3,43,6,20,30
2000-11-22,23,20,33,4,12,31,16
2000-11-18,21,9,11,6,27,43,17
2000-11-15,28,13,41,44,19,31,6
2000-11-11,35,47,18,28,23,34,11
2000-11-08,9,2,27,43,16,5,28
2000-11-04,2,8,29,44,17,33,11
2000-11-01,9,45,38,4,20,23,47
2000-10-28,47,13,31,14,23,1,9
2000-10-25,6,9,13,26,38,14,22
2000-10-21,15,24,18,8,14,44,31
2000-10-18,32,36,19,6,4,11,23
2000-10-14,37,7,38,22,40,31,30
2000-10-11,19,10,6,34,30,41,26
2000-10-07,6,20,28,45,31,1,26
2000-10-04,10,43,14,19,49,46,2
2000-09-30,12,44,27,15,32,40,35
2000-09-27,10,28,40,4,24,47,25
2000-09-23,35,6,16,45,18,32,46
2000-09-20,7,30,34,39,25,38,28
2000-09-16,4,26,42,47,22,23,5
2000-09-13,14,32,20,49,25,47,34
2000-09-09,4,35,25,43,24,3,7
2000-09-06,23,11,32,6,44,7,34
2000-09-02,11,21,36,31,12,40,22
2000-08-30,24,21,41,38,40,13,9
2000-08-26,35,11,29,4,16,34,13
2000-08-23,31,37,32,47,3,38,20
2000-08-19,46,43,38,34,22,5,9
2000-08-16,45,24,11,37,34,33,43
2000-08-12,36,46,31,43,35,6,33
2000-08-09,14,10,32,35,36,43,37
2000-08-05,48,39,1,35,37,3,26
2000-08-02,39,46,44,38,35,26,1
2000-07-29,29,30,48,45,37,33,15
2000-07-26,40,28,29,43,2,47,30
2000-07-22,13,45,16,47,48,43,36
2000-07-19,33,31,41,23,38,16,20
2000-07-15,1,2,7,39,44,35,14
2000-07-12,21,27,4,41,12,49,40
2000-07-08,46,30,21,41,35,38,26
2000-07-05,25,6,23,19,28,11,35
2000-07-01,48,11,16,22,42,39,38
2000-06-28,46,27,10,8,38,40,3
2000-06-24,32,6,34,48,9,42,4
2000-06-21,10,24,33,46,37,1,4
2000-06-17,43,4,25,40,24,22,6
2000-06-14,24,38,4,7,26,23,3
2000-06-10,35,44,15,47,1,14,34
2000-06-07,20,2,24,5,39,28,21
2000-06-03,3,48,8,19,35,36,21
2000-05-31,19,11,14,1,44,38,45
2000-05-27,34,33,43,45,23,21,40
2000-05-24,38,21,6,36,46,8,33
2000-05-20,44,18,7,11,25,21,28
2000-05-17,21,11,48,1,15,10,7
2000-05-13,6,35,30,45,42,44,33
2000-05-10,46,29,38,10,18,37,4
2000-05-06,3,41,30,31,45,2,23
2000-05-03,48,38,6,36,5,24,15
2000-04-29,16,15,19,42,27,29,24
2000-04-26,14,9,39,28,36,4,6
2000-04-22,31,49,43,48,26,35,38
2000-04-19,1,19,29,3,7,44,25
2000-04-15,28,31,46,2,23,48,42
2000-04-12,12,22,26,34,19,9,44
2000-04-08,18,49,46,47,23,30,31
2000-04-05,3,48,2,10,40,7,37
2000-04-01,11,30,29,25,19,3,16
2000-03-29,28,32,23,11,18,20,15
2000-03-25,22,27,23,15,37,32,43
2000-03-22,18,36,40,20,6,33,10
2000-03-18,5,15,8,16,22,39,31
2000-03-15,12,7,25,30,28,40,37
2000-03-11,49,46,42,12,7,37,9
2000-03-08,46,32,22,36,6,18,24
2000-03-04,47,28,26,11,13,19,8
2000-03-01,4,12,15,30,10,8,34
2000-02-26,45,8,6,5,3,16,1
2000-02-23,20,39,17,18,47,11,43
2000-02-19,5,1,32,46,43,11,38
2000-02-16,16,7,42,6,19,12,18
2000-02-12,18,6,12,17,19,4,37
2000-02-09,41,19,32,6,3,14,35
2000-02-05,40,47,38,49,21,46,48
2000-02-02,42,10,31,32,39,30,25
2000-01-29,48,21,27,17,5,7,37
2000-01-26,43,28,41,21,14,6,30
2000-01-22,10,7,40,44,9,41,14
2000-01-19,4,46,43,17,16,48,5
2000-01-15,12,10,17,47,31,16,21
2000-01-12,19,14,27,17,3,10,49
2000-01-08,13,18,41,32,34,39,2
2000-01-05,30,22,33,31,25,5,7
2000-01-01,23,48,2,14,27,5,38
1999-12-29,16,33,36,26,47,39,43
1999-12-24,23,25,35,24,21,2,38
1999-12-22,39,29,47,49,46,32,24
1999-12-18,6,12,29,13,7,18,25
1999-12-15,16,35,43,4,44,9,27
1999-12-11,43,37,46,5,27,9,28
1999-12-08,10,11,26,31,7,33,39
1999-12-04,23,31,25,47,16,35,48
1999-12-01,37,42,36,38,47,28,23
1999-11-27,49,22,10,47,46,8,32
1999-11-24,1,16,34,44,12,33,37
1999-11-20,29,20,9,15,7,34,6
1999-11-17,33,2,23,36,31,6,20
1999-11-13,28,7,39,29,21,10,2
1999-11-10,10,19,28,35,2,18,26
1999-11-06,34,36,10,46,8,23,2
1999-11-03,22,37,31,35,25,3,48
1999-10-30,15,44,27,10,17,47,14
1999-10-27,9,4,13,22,25,32,3
1999-10-23,8,15,4,10,25,39,49
1999-10-20,33,43,27,9,29,18,48
1999-10-16,31,11,27,41,40,25,12
1999-10-13,34,29,19,33,3,23,10
1999-10-09,46,15,26,29,38,8,12
1999-10-06,9,21,45,19,30,13,37
1999-10-02,14,38,37,28,49,3,33
1999-09-29,33,43,1,3,8,39,49
1999-09-25,20,43,18,30,26,49,36
1999-09-22,37,28,21,6,16,44,15
1999-09-18,5,23,33,11,15,18,38
1999-09-15,32,9,27,14,49,30,3
1999-09-11,21,29,2,16,46,4,5
1999-09-08,38,22,17,36,10,8,34
1999-09-04,14,7,5,20,3,10,16
1999-09-01,27,5,49,3,19,39,15
1999-08-28,15,27,6,14,47,17,29
1999-08-25,22,1,48,36,20,8,11
1999-08-21,15,48,12,16,17,42,45
1999-08-18,38,45,8,6,13,34,17
1999-08-14,9,38,18,44,24,1,26
1999-08-11,1,38,39,48,15,22,25
1999-08-07,22,4,24,19,7,46,47
1999-08-04,3,31,36,4,29,9,41
1999-07-31,46,12,26,49,27,32,42
1999-07-28,14,32,30,46,3,49,10
1999-07-24,8,25,37,48,26,38,24
1999-07-21,26,12,17,32,46,33,4
1999-07-17,45,48,15,3,23,42,46
1999-07-14,37,1,15,21,42,41,43
1999-07-10,35,7,5,15,26,40,45
1999-07-07,44,41,43,4,6,8,28
1999-07-03,11,44,17,36,28,42,37
1999-06-30,49,2,32,19,25,14,31
1999-06-26,23,18,2,17,40,30,43
1999-06-23,43,8,18,11,30,33,34
1999-06-19,20,42,4,24,41,6,38
1999-06-16,25,37,17,45,38,21,5
1999-06-12,23,3,18,21,49,36,47
1999-06-09,46,48,10,8,12,34,20
1999-06-05,24,20,11,28,48,35,33
1999-06-02,37,36,34,23,27,17,12
1999-05-29,7,3,12,43,9,44,45
1999-05-26,33,46,29,14,22,26,10
1999-05-22,24,26,8,11,14,49,45
1999-05-19,38,49,5,27,2,1,41
1999-05-15,24,27,14,18,4,40,33
1999-05-12,8,26,47,9,29,38,44
1999-05-08,1,33,12,31,47,24,7
1999-05-05,22,7,44,17,39,13,18
1999-05-01,24,31,7,33,40,20,49
1999-04-28,24,43,49,15,36,23,11
1999-04-24,8,25,11,3,46,47,30
1999-04-21,44,22,3,31,46,12,45
1999-04-17,41,46,28,16,29,3,6
1999-04-14,9,32,25,5,12,30,38
1999-04-10,35,25,18,36,32,10,2
1999-04-07,46,29,23,10,15,27,38
1999-04-03,9,7,43,3,40,15,11
1999-03-31,26,1,24,38,5,12,11
1999-03-27,44,9,36,25,30,48,2
1999-03-24,45,48,13,21,32,27,22
1999-03-20,45,29,13,49,25,17,28
1999-03-17,45,1,7,29,38,46,35
1999-03-13,15,2,17,44,1,24,22
1999-03-10,18,49,27,8,36,32,46
1999-03-06,8,37,43,32,47,33,45
1999-03-03,22,40,25,24,20,36,1
1999-02-27,1,13,7,15,38,43,47
1999-02-24,2,3,34,27,13,48,41
1999-02-20,23,17,3,40,9,29,44
1999-02-17,42,31,32,22,2,40,33
1999-02-13,23,27,47,26,49,5,48
1999-02-10,35,21,33,2,49,20,32
1999-02-06,17,40,38,2,49,23,10
1999-02-03,39,24,47,3,18,16,17
1999-01-30,32,19,7,37,44,40,47
1999-01-27,3,2,20,6,21,22,11
1999-01-23,10,8,47,17,32,1,2
1999-01-20,8,28,19,40,14,4,12
1999-01-16,41,11,32,42,28,26,44
1999-01-13,35,25,48,27,6,42,15
1999-01-09,34,1,23,37,15,40,45
1999-01-06,18,2,21,47,11,23,27
1999-01-02,38,4,41,31,46,33,22
1998-12-30,3,18,49,13,24,34,33
1998-12-26,8,2,32,35,41,11,4
1998-12-23,12,18,47,4,38,30,20
1998-12-19,10,9,18,25,48,28,34
1998-12-16,11,19,40,20,24,29,9
1998-12-12,46,38,28,41,26,39,25
1998-12-09,49,1,40,45,7,39,38
1998-12-05,27,35,23,26,4,7,28
1998-12-02,16,37,11,28,49,7,30
1998-11-28,30,37,25,4,26,45,46
1998-11-25,8,4,39,37,43,30,31
1998-11-21,17,49,22,38,7,9,47
1998-11-18,2,12,47,35,30,8,39
1998-11-14,7,23,17,12,11,39,42
1998-11-11,5,19,49,29,11,25,12
1998-11-07,31,32,13,25,24,44,43
1998-11-04,9,11,2,42,23,24,27
1998-10-31,14,5,12,18,38,9,35
1998-10-28,31,7,49,2,1,17,41
1998-10-24,15,41,26,6,8,23,49
1998-10-21,11,41,3,42,15,48,26
1998-10-17,37,3,45,25,41,36,9
1998-10-14,41,1,2,45,5,15,24
1998-10-10,46,26,43,21,11,13,38
1998-10-07,12,29,24,2,30,33,41
1998-10-03,19,1,32,11,18,22,41
1998-09-30,10,31,12,28,14,38,27
1998-09-26,35,15,40,6,18,29,49
1998-09-23,14,28,11,26,9,39,27
1998-09-19,34,40,28,24,26,27,9
1998-09-16,45,18,36,28,25,40,43
1998-09-12,15,33,3,23,28,25,29
1998-09-09,32,2,1,9,27,28,25
1998-09-05,27,47,42,11,10,9,8
1998-09-02,43,33,19,27,39,7,9
1998-08-29,10,44,37,42,12,45,20
1998-08-26,43,26,27,3,30,20,45
1998-08-22,2,38,11,27,32,10,6
1998-08-19,27,48,46,44,5,34,49
1998-08-15,35,15,3,31,5,22,47
1998-08-12,23,25,44,21,49,12,20
1998-08-08,21,2,47,5,17,45,25
1998-08-05,38,42,35,40,47,13,34
1998-08-01,12,41,49,31,14,48,6
1998-07-29,23,38,7,1,48,29,2
1998-07-25,36,43,18,44,25,38,19
1998-07-22,28,46,38,47,39,34,21
1998-07-18,42,44,20,3,33,11,36
1998-07-15,15,1,23,35,39,31,14
1998-07-11,3,39,14,23,43,30,32
1998-07-08,13,12,36,23,33,21,14
1998-07-04,49,29,9,32,15,25,14
1998-07-01,28,18,40,46,44,17,29
1998-06-27,11,43,9,7,23,30,35
1998-06-24,19,25,14,2,33,26,18
1998-06-20,14,38,27,31,47,1,32
1998-06-17,17,2,27,16,20,10,39
1998-06-13,7,2,10,27,45,15,31
1998-06-10,28,33,46,2,26,9,21
1998-06-06,31,15,48,23,42,1,5
1998-06-03,17,41,23,18,1,33,42
1998-05-30,3,2,40,29,38,14,43
1998-05-27,13,15,26,8,39,42,33
1998-05-23,24,20,47,8,43,35,32
1998-05-20,11,42,35,36,31,15,10
1998-05-16,34,4,44,10,2,6,21
1998-05-13,16,13,3,42,23,41,21
1998-05-09,35,40,25,2,26,9,47
1998-05-06,22,19,27,6,14,7,9
1998-05-02,2,49,4,29,24,16,47
1998-04-29,40,15,36,28,34,12,1
1998-04-25,17,38,22,48,43,36,16
1998-04-22,37,12,10,7,9,3,46
1998-04-18,29,33,42,13,31,1,9
1998-04-15,36,26,29,18,12,1,2
1998-04-11,44,7,43,31,35,10,37
1998-04-08,41,43,37,22,47,9,14
1998-04-04,33,24,19,38,48,5,20
1998-04-01,36,1,24,2,37,38,31
1998-03-28,28,37,11,23,29,13,8
1998-03-25,25,10,6,31,1,45,8
1998-03-21,41,15,2,26,23,43,5
1998-03-18,47,25,39,31,46,12,1
1998-03-14,26,15,18,2,38,36,42
1998-03-11,16,23,28,33,22,37,17
1998-03-07,14,44,11,39,4,43,37
1998-03-04,6,41,45,34,28,30,12
1998-02-28,1,18,15,30,7,31,9
1998-02-25,21,9,36,48,27,42,13
1998-02-21,16,37,2,25,45,27,10
1998-02-18,32,1,25,5,13,10,48
1998-02-14,17,13,14,28,8,20,10
1998-02-11,42,11,49,32,46,38,26
1998-02-07,31,25,27,9,42,45,24
1998-02-04,32,42,17,45,13,35,20
1998-01-31,40,46,17,30,22,48,10
1998-01-28,15,4,12,32,47,31,14
1998-01-24,24,49,6,1,14,4,22
1998-01-21,12,5,24,35,38,36,34
1998-01-17,38,14,48,33,46,31,26
1998-01-14,28,27,20,41,33,31,38
1998-01-10,3,49,10,27,11,47,8
1998-01-07,38,25,14,7,36,32,44
1998-01-03,28,13,35,26,1,45,30
1997-12-31,21,18,13,8,29,23,30
1997-12-27,31,14,21,28,40,46,9
1997-12-24,5,29,41,11,6,36,47
1997-12-20,1,34,26,38,2,7,14
1997-12-17,36,35,49,17,46,43,7
1997-12-13,4,30,32,14,3,11,46
1997-12-10,4,38,17,22,48,29,20
1997-12-06,30,5,19,9,21,49,43
1997-12-03,8,39,36,49,47,1,37
1997-11-29,2,21,47,8,46,29,28
1997-11-26,23,47,24,19,11,5,17
1997-11-22,45,8,14,28,24,39,29
1997-11-19,22,47,27,33,42,46,32
1997-11-15,14,11,32,35,34,23,41
1997-11-12,8,45,36,6,27,3,47
1997-11-08,24,34,5,48,40,37,33
1997-11-05,1,4,9,6,32,38,46
1997-11-01,37,16,10,39,9,14,28
1997-10-29,2,4,33,32,25,45,31
1997-10-25,10,38,27,40,21,44,34
1997-10-22,1,8,14,9,35,24,33
1997-10-18,4,28,46,9,32,25,47
1997-10-15,45,39,30,17,11,35,47
1997-10-11,18,17,15,34,40,27,29
1997-10-08,3,43,4,23,34,7,15
1997-10-04,46,19,40,12,36,28,38
1997-10-01,38,17,8,12,49,35,25
1997-09-27,33,40,15,21,29,32,42
1997-09-24,31,32,44,12,14,29,46
1997-09-20,44,9,30,38,40,43,31
1997-09-17,40,44,20,7,21,22,4
1997-09-13,5,40,2,31,1,32,44
1997-09-10,31,20,45,43,35,32,5
1997-09-07,22,41,40,36,20,26,16
1997-09-03,43,22,14,38,10,30,25
1997-08-30,33,46,30,38,6,20,42
1997-08-27,25,47,31,7,22,1,20
1997-08-23,25,36,44,47,10,4,29
1997-08-20,28,8,41,20,27,36,30
1997-08-16,2,49,20,9,19,38,11
1997-08-13,29,17,10,5,41,43,45
1997-08-09,1,30,31,25,18,20,44
1997-08-06,49,20,3,6,45,5,31
1997-08-02,16,47,2,43,37,28,31
1997-07-30,12,19,3,45,6,44,20
1997-07-26,27,15,41,30,9,20,31
1997-07-23,4,28,11,21,34,27,16
1997-07-19,45,47,7,19,36,44,4
1997-07-16,8,35,45,23,18,26,3
1997-07-12,45,44,9,4,27,37,7
1997-07-09,3,43,13,22,5,24,23
1997-07-05,1,36,43,11,4,44,41
1997-07-02,18,6,41,22,10,45,29
1997-06-28,14,2,9,48,36,43,27
1997-06-25,27,38,28,40,12,17,6
1997-06-21,27,44,26,1,17,30,47
1997-06-18,23,19,4,14,25,48,42
1997-06-14,10,8,16,43,44,3,34
1997-06-11,40,44,10,42,31,33,20
1997-06-07,21,30,40,25,14,12,3
1997-06-04,34,18,44,21,30,19,6
1997-05-31,29,9,28,5,2,45,49
1997-05-28,19,36,48,24,25,3,17
1997-05-24,26,3,23,33,25,21,24
1997-05-21,8,21,38,49,39,5,34
1997-05-17,9,2,13,18,27,48,24
1997-05-14,2,21,29,37,8,16,22
1997-05-10,44,25,22,23,12,19,2
1997-05-07,43,34,19,28,12,31,40
1997-05-03,29,40,35,20,6,31,21
1997-04-30,16,40,10,17,24,8,13
1997-04-26,10,6,14,25,27,38,5
1997-04-23,23,34,12,8,17,43,36
1997-04-19,32,37,14,1,16,25,11
1997-04-16,48,37,9,6,19,3,25
1997-04-12,9,37,27,44,42,29,21
1997-04-09,6,22,35,49,45,42,16
1997-04-05,46,28,31,1,41,3,33
1997-04-02,25,17,10,43,40,5,8
1997-03-29,19,40,36,17,31,39,25
1997-03-26,24,44,43,42,33,47,17
1997-03-22,41,39,27,40,14,43,21
1997-03-19,40,16,48,13,29,17,32
1997-03-15,43,39,37,24,7,40,15
1997-03-12,5,22,25,16,3,4,12
1997-03-08,12,29,5,39,20,42,22
1997-03-05,28,12,20,24,43,7,45
1997-03-01,33,23,49,8,2,42,14
1997-02-26,34,36,38,44,2,46,40
1997-02-22,5,23,8,1,9,27,22
1997-02-19,39,36,9,11,19,41,13
1997-02-15,14,21,7,38,47,34,13
1997-02-12,23,45,5,38,29,14,47
1997-02-08,9,13,36,47,27,30,15
1997-02-05,25,9,35,28,29,31,37
1997-02-01,12,48,36,20,28,16,34
1997-01-25,35,31,47,1,28,24,9
1997-01-18,22,48,3,31,21,26,43
1997-01-11,16,43,4,11,18,35,39
1997-01-04,40,27,13,14,41,11,23
1996-12-28,8,31,20,10,39,27,30
1996-12-21,26,45,42,5,35,38,46
1996-12-14,24,12,33,42,47,34,44
1996-12-07,42,17,13,22,47,6,30
1996-11-30,26,12,4,25,5,49,48
1996-11-23,49,16,46,43,34,33,47
1996-11-16,42,1,5,16,18,37,24
1996-11-09,43,24,49,8,27,41,5
1996-11-02,48,35,43,23,32,7,25
1996-10-26,1,35,3,20,30,9,36
1996-10-19,13,34,48,10,39,31,33
1996-10-12,25,15,45,16,39,30,14
1996-10-05,47,45,9,48,6,25,14
1996-09-28,19,26,23,39,36,31,3
1996-09-21,41,35,8,7,30,12,47
1996-09-14,10,9,38,48,11,2,1
1996-09-07,5,13,15,44,18,32,41
1996-08-31,27,3,5,47,14,44,43
1996-08-24,8,11,14,33,44,18,34
1996-08-17,28,42,33,39,44,2,46
1996-08-10,41,23,36,45,3,38,44
1996-08-03,26,28,36,31,13,17,44
1996-07-27,13,21,45,2,19,32,9
1996-07-20,14,44,6,25,34,20,45
1996-07-13,11,5,42,41,10,12,2
1996-07-06,44,47,45,43,26,13,36
1996-06-29,34,35,17,27,46,4,7
1996-06-22,4,7,11,17,3,40,20
1996-06-15,47,25,18,44,13,46,34
1996-06-08,32,15,17,11,25,46,29
1996-06-01,35,45,24,37,36,39,20
1996-05-25,8,26,42,20,34,43,25
1996-05-18,33,46,4,40,13,12,41
1996-05-11,7,48,12,10,22,34,11
1996-05-04,47,6,33,25,26,34,49
1996-04-27,18,11,31,48,6,4,41
1996-04-20,40,31,9,29,28,48,23
1996-04-13,38,47,23,44,49,40,12
1996-04-06,38,4,14,1,17,6,9
1996-03-30,37,12,49,27,26,28,43
1996-03-23,30,18,5,14,43,7,28
1996-03-16,19,38,48,12,28,2,45
1996-03-09,45,30,37,16,29,14,7
1996-03-02,41,11,9,24,45,12,6
1996-02-24,5,24,44,2,7,35,30
1996-02-17,18,14,16,22,4,15,33
1996-02-10,14,28,11,4,15,42,6
1996-02-03,2,32,44,22,9,26,40
1996-01-27,16,41,38,17,43,42,28
1996-01-20,23,37,33,30,25,5,3
1996-01-13,31,32,48,21,29,34,25
1996-01-06,4,13,2,3,42,44,24
1995-12-30,6,43,42,39,45,32,36
1995-12-23,40,47,6,49,34,11,16
1995-12-16,23,49,7,28,35,8,10
1995-12-09,5,26,29,12,11,33,20
1995-12-02,26,16,19,46,15,35,7
1995-11-25,46,42,28,16,30,23,45
1995-11-18,33,7,4,48,18,45,1
1995-11-11,23,28,48,10,7,30,3
1995-11-04,6,14,18,48,27,44,1
1995-10-28,16,33,44,27,35,7,5
1995-10-21,17,19,2,21,6,47,5
1995-10-14,25,30,9,5,4,47,17
1995-10-07,28,37,10,30,36,22,45
1995-09-30,11,33,40,10,32,29,16
1995-09-23,10,34,24,19,5,46,28
1995-09-16,37,14,25,41,10,2,5
1995-09-09,12,22,41,2,20,45,47
1995-09-02,40,49,28,15,1,22,44
1995-08-26,21,41,18,38,16,27,26
1995-08-19,24,23,48,5,8,28,19
1995-08-12,25,33,28,47,11,34,48
1995-08-05,35,1,25,30,45,8,15
1995-07-29,41,34,49,28,46,45,11
1995-07-22,3,21,22,2,23,40,24
1995-07-15,1,4,43,20,31,41,38
1995-07-08,3,14,11,20,1,40,45
1995-07-01,25,7,8,5,48,44,3
1995-06-24,5,43,45,21,15,42,20
1995-06-17,48,30,40,27,38,33,2
1995-06-10,44,15,26,46,12,49,14
1995-06-03,31,1,29,40,21,32,27
1995-05-27,45,12,25,37,44,13,9
1995-05-20,46,15,17,28,16,32,22
1995-05-13,41,16,28,25,7,26,19
1995-05-06,35,14,48,17,43,5,22
1995-04-29,31,9,15,34,48,22,23
1995-04-22,33,36,8,20,38,18,46
1995-04-15,1,23,26,4,6,49,8
1995-04-08,42,17,22,24,47,14,34
1995-04-01,43,41,22,25,30,32,29
1995-03-25,4,49,41,44,42,17,24
1995-03-18,41,19,31,18,9,24,21
1995-03-11,2,22,13,46,29,27,36
1995-03-04,17,36,11,12,42,26,13
1995-02-25,18,33,8,31,5,10,28
1995-02-18,45,16,36,19,21,29,43
1995-02-11,48,38,15,29,18,35,5
1995-02-04,46,42,1,38,7,37,20
1995-01-28,31,16,25,43,4,26,21
1995-01-21,47,6,16,31,30,20,4
1995-01-14,23,38,17,7,32,42,48
1995-01-07,21,32,2,5,25,22,46
1994-12-31,17,44,36,32,9,42,16
1994-12-24,27,29,39,3,44,2,6
1994-12-17,13,3,38,5,14,9,30
1994-12-10,26,47,49,43,35,38,28
1994-12-03,21,11,17,30,29,40,31
1994-11-26,16,6,44,31,12,15,37
1994-11-19,30,3,5,44,14,22,10
